Temp,DO,PH,BOD,Tot_col,WQI
30.6,6.7,7.5,1.8965,27.0,46.59730139830508
29.8,5.7,7.2,2.0,8391.0,63.494076349829555
29.5,6.3,6.9,1.7,5330.0,48.045459906049544
29.7,5.8,6.9,3.8,8443.0,91.75876249423374
29.5,5.8,7.3,1.9,5500.0,60.117939429363815
30.0,5.5,7.4,1.5,4049.0,57.13067359165425
29.2,6.1,6.7,1.4,5672.0,48.24675775771542
29.6,6.4,6.7,1.0,9423.0,39.743655143878144
30.0,6.4,7.6,2.2,4990.0,60.616355389965236
30.1,6.3,7.6,2.3,4301.0,63.06296503201553
27.8,7.1,7.1,1.2,7817.0,33.52718560457446
27.9,6.7,6.4,1.4,3433.0,44.60663775638923
29.3,7.4,6.8,1.7,18125.0,43.95731388937955
29.2,6.9,7.0,1.1,6300.0,30.234597339084207
30.0,6.0,7.5,1.6,9517.0,57.08379384997517
29.0,7.3,7.0,1.5,2453.0,30.119059131438007
29.1,7.3,7.0,1.0,3048.0,21.825756215499588
28.7,7.0,6.9,1.2,6742.0,32.86295115026714
28.7,7.3,6.7,1.5,3052.0,34.54755448947389
29.5,5.3,6.8,1.8,10250.0,66.3210189526781
29.0,6.3,6.4,1.6,12842.0,57.451123567044675
29.4,5.4,7.6,1.4,6367.0,60.70780937849629
28.3,2.2,6.5,4.7,14920.0,158.14877426316542
30.1,5.2,7.1,2.6,8925.0,79.0573992356947
30.3,5.6,7.5,1.8,5082.0,62.675326800842996
30.5,5.5,7.4,1.5,8625.0,59.77955097802412
29.1,7.3,6.7,1.4,4003.0,32.82852288216625
30.1,6.5,7.5,2.0,1538.0,52.492804267710234
29.2,7.2,6.3,1.5,13575.0,46.3264021820975
25.1,6.6,7.8,4.9,36.0,108.0086873740939
29.6,6.9,7.9,5.0,34.0,103.0009734095489
27.4,6.8,7.7,5.2,23.0,107.7602717211416
27.8,6.7,7.8,4.9,29.0,104.55928041005234
30.6,5.1,7.3,10.3,83.0,208.24370233715518
25.0,5.6,7.9,3.6,164.0,96.96916275725228
25.0,6.4,7.6,5.7,45.0,121.24702643358863
25.0,5.5,7.4,7.7,67.0,161.6431089643769
25.3,5.3,7.7,9.9,304.0,204.73178718525614
25.1,6.7,7.6,4.8,76.0,102.95190616830811
26.1,3.6,7.4,31.3,474.0,582.736051632561
21.4,7.2,7.7,3.1,130.0,73.86765218550521
27.4,5.9,7.4,6.4,68.0,134.4941658605708
27.1,5.4,7.5,7.4,116.0,158.30491473314325
27.2,5.8,7.3,5.4,78.0,117.47302566726927
27.3,5.9,7.4,5.1,60.0,112.41937359208241
27.0,6.0,7.3,8.5,58.0,168.1503093127829
27.2,6.1,7.3,6.1,63.0,126.11314195916192
27.0,5.9,7.4,6.4,47.0,134.68595438150464
22.6,6.3,7.8,4.6,32.0,107.28110530604017
28.4,6.7,7.3,3.5,0.0,74.08503032893148
28.0,6.8,7.2,3.1,0.0,65.36369197393064
27.6,6.8,7.3,3.3,0.0,70.3990665206511
27.9,6.9,7.3,3.3,0.0,68.94900259047424
28.1,6.9,7.3,3.4,0.0,70.41941842087344
27.1,6.8,7.9,4.9,28.0,105.36950296581138
27.6,6.6,8.1,4.6,32.0,104.37234357391209
27.3,6.7,8.0,5.0,33.0,109.16393604430382
27.8,6.7,7.8,4.9,35.0,104.56300041005234
28.0,5.9,7.7,5.5,51.0,122.45229932029866
28.1,6.3,7.6,4.6,31.0,101.30619049849236
28.6,6.6,7.6,4.7,31.0,99.08397089307645
26.9,6.8,7.7,5.0,34.0,104.8737141444125
23.0,7.1,7.4,2.7,30.0,62.86698152637656
23.0,7.0,7.4,2.7,40.0,63.75565542194593
23.0,7.2,7.2,2.7,70.0,59.60664096414052
25.1,6.7,7.5,1.4,420.0,44.107186168308104
24.6,5.8,7.4,1.4,691.0,52.05954278123434
25.7,6.6,7.5,1.4,448.0,44.62639327724442
24.8,6.7,7.5,1.4,443.0,44.365958642835025
27.3,6.7,6.9,0.9,172.0,28.6697827109705
27.5,6.5,6.7,1.2,304.0,38.27204517034895
25.2,6.3,6.9,1.6,2008.0,47.535519904224856
29.9,7.0,7.4,0.7,590.0,22.498672514689364
29.8,6.6,7.7,1.6,661.0,46.62017737103899
27.8,6.9,6.9,1.1,531.0,29.55302634064673
26.7,7.0,7.5,0.8,3583.0,31.280628558295515
25.8,6.7,7.4,0.8,1969.0,33.06475277465009
26.4,7.2,7.4,0.7,1311.0,25.206326127277737
29.8,7.5,7.2,1.1,590.0,20.779858392248414
28.6,3.0,6.6,1.7,530.0,88.13174471698775
26.9,5.9,7.4,0.7,2803.0,39.44984373887292
26.0,6.7,7.5,1.6,473.0,46.77721796686152
23.6,6.1,7.4,2.0,550.0,59.81931213588211
30.3,6.7,6.9,1.7,350.0,39.04049038016625
30.7,6.9,6.8,1.6,206.0,35.2828267266878
28.7,2.1,6.8,1.6,694.0,94.86382549877929
28.2,2.5,6.9,1.9,656.0,93.2386595298594
24.8,7.2,7.6,1.4,426.0,40.74242804759042
26.3,3.7,7.7,1.2,60392.0,110.39668406777558
29.2,6.1,7.6,1.2,718.0,45.375944424382084
26.6,6.7,7.6,0.5,71.0,28.470672793505923
30.4,7.6,7.1,1.2,961.0,19.09993420792518
25.5,1.9,7.7,26.9,37375.0,550.8644262692821
25.1,7.4,7.0,0.1,409.0,9.131297727807526
28.9,6.4,7.2,1.3,535.0,38.805116840163876
28.8,5.4,6.7,1.1,144.0,48.30190338568172
29.3,5.6,7.3,1.6,705.0,54.58747013901156
29.5,7.1,8.0,1.2,697.0,37.61893933541337
28.4,5.9,6.8,1.5,166.0,48.22730860551275
26.9,7.4,6.9,1.1,159.0,24.95486997032779
25.8,7.2,7.2,0.7,658.0,23.087395355429518
26.6,6.5,7.4,0.6,7018.0,34.185010504073865
25.3,6.8,7.1,0.8,1268.0,28.464669778203707
28.2,6.8,6.9,1.7,660.0,40.527230205167896
28.5,6.6,7.0,1.4,822.0,36.31361508856263
27.6,6.4,7.7,0.6,88.0,33.75616729383975
29.0,7.3,6.9,1.9,825.0,37.117699131438
27.5,6.8,6.6,0.5,2950.0,25.888144871085423
30.0,5.6,7.2,2.1,447.0,61.436758976651774
27.8,6.9,6.8,0.6,3375.0,24.009306340646738
30.2,7.1,6.8,1.8,468.0,37.01329087501696
30.8,6.2,7.2,1.5,542.0,42.943182842646294
25.3,6.7,7.1,0.6,626.0,25.65030516089609
25.3,7.2,7.0,0.6,433.0,19.394268247434166
25.8,6.0,7.6,1.3,523.0,50.16351849489221
27.2,5.2,6.8,0.6,313.0,41.26189308348398
28.1,4.8,6.8,0.7,332.0,47.43135735920631
28.3,3.9,6.9,0.5,284.0,53.19850084148165
28.1,5.0,6.9,1.8,667.0,62.874873333333326
27.7,7.0,7.0,1.1,541.0,27.354601029716825
28.0,6.3,6.9,1.2,815.0,38.008392351542504
28.2,6.2,6.9,1.3,1007.0,40.81624902566748
28.0,5.7,6.8,1.9,759.0,57.89355280467673
28.1,5.7,6.9,3.1,1205.0,77.3459559094446
28.1,6.6,7.1,1.3,785.0,36.19022779301625
28.1,6.6,7.0,1.3,472.0,34.79483445968292
27.3,6.5,6.5,0.9,188.0,35.671293764581826
28.3,6.7,6.3,0.9,610.0,35.131913244982904
29.1,4.3,7.2,1.8,796.0,72.58986897789144
28.7,4.6,6.7,1.5,171.0,64.57870443661324
28.5,7.7,6.9,1.6,554.0,27.93068796194943
26.6,5.8,6.5,1.0,151.0,45.31416249106162
31.0,4.5,6.9,2.1,230.0,74.43563713076075
30.5,6.9,7.2,1.3,643.0,30.745520383158325
28.8,6.6,7.0,0.9,103.0,27.050020209393537
25.3,6.9,7.5,0.6,1633.0,29.105961062177986
25.9,5.5,7.6,1.3,141.0,54.96129050650067
26.5,5.4,7.8,0.8,107.0,49.725545012345194
18.9,7.1,7.8,0.7,1238.0,37.60271128915454
20.5,6.9,8.0,0.9,1563.0,44.0145565351289
27.1,7.3,7.3,2.4,65.0,50.2340197155738
26.3,7.5,7.5,2.1,74.0,46.46694910043159
29.1,6.4,7.2,1.0,1223.0,33.9402287108838
28.4,6.5,7.1,1.0,1342.0,32.29124323141013
24.7,7.7,7.9,1.3,40500.0,62.80395466897551
24.4,7.5,7.8,2.1,53556.0,85.57661792827474
22.7,7.3,7.2,0.7,13810.0,33.4972677377004
24.8,7.4,7.9,0.7,15213.0,39.67697180949259
24.0,7.4,7.8,1.9,12473.0,58.082984168302715
22.8,7.5,8.0,1.7,30319.0,68.5166836958131
26.8,7.2,8.0,1.5,4314.0,47.412407743652295
27.4,6.6,7.8,1.5,4224.0,50.802334863236986
25.3,7.5,7.9,1.0,8559.0,39.09002876602367
27.1,7.4,7.9,0.8,16709.0,39.45288173219295
29.0,6.7,7.3,1.8965,468.0,46.42819812613533
25.0,5.9,7.9,1.8965,468.0,65.25249246921173
25.0,6.5,7.3,1.8965,468.0,52.20997522646401
25.0,6.5,7.7,1.8965,468.0,57.01530855979735
32.0,6.0,7.1,1.8965,468.0,50.07701735035158
29.3,6.5,7.4,2.0,374.0,51.42480534752889
22.8,6.8,6.6,2.9,36.0,69.0719973276521
24.5,6.6,6.4,2.5,41.0,65.22459260412455
25.5,6.6,6.5,2.5,45.0,63.2556477319834
29.0,6.7,6.9,2.2,38.0,48.923489792802
23.8,6.7,6.3,2.7,32.0,69.41484306134693
22.8,6.7,6.4,4.6,34.0,101.27586784648622
29.0,6.6,7.2,2.7,60.0,59.84491823636267
29.0,6.7,7.0,2.5,51.0,52.83521645946866
23.0,6.6,6.2,2.5,38.0,68.68631100422341
29.0,6.8,6.9,2.5,48.0,52.836568015908
25.7,6.5,6.6,2.4,41.0,61.19634703074997
25.7,6.6,6.7,2.5,34.0,60.68537994391107
24.3,0.9,7.6,104.5,511090873.0,318730.9425666178
27.0,6.7,7.3,1.8965,468.0,48.502028831730954
22.7,5.8,7.2,6.0,4073.0,130.6981821116639
19.0,4.8,7.6,22.0,52500.0,446.2201035273651
23.0,5.5,7.3,10.0,5433.0,203.35675718881978
24.0,5.1,7.4,23.7,50333.0,469.01085128479036
24.7,5.5,7.4,10.0,29333.0,218.99777259302013
25.0,5.0,7.6,16.3,21667.0,328.6432066666667
22.0,4.9,7.7,27.5,72000.0,552.4793433063176
24.3,5.0,7.3,19.3,39533.0,387.1661266666667
23.3,5.3,7.2,13.3,7133.0,261.0911341872647
19.5,4.9,7.7,21.0,49500.0,427.8289669278875
21.5,4.1,7.5,23.0,57500.0,471.0697079964686
20.0,4.8,7.4,17.0,38000.0,349.81269781806645
27.0,6.7,8.2,19.8,468.0,363.9719204983976
27.0,6.7,7.9,18.2,468.0,333.1412538317309
32.6,4.0,6.8,3.0,9.0,98.97392974098098
23.6,7.8,7.8,1.3,17.0,36.942879982245344
23.9,7.7,7.7,1.3,22.0,36.2950605923786
24.5,7.6,7.9,1.6,22.0,44.01400381503576
27.0,6.7,7.2,88.0,468.0,1512.495253831731
18.1,4.4,7.1,41.0,224.0,733.8738532406275
25.1,5.9,8.0,0.9,15.0,49.17240248126116
22.3,6.0,7.2,0.8,15.0,38.118769116073786
23.7,5.6,7.9,1.1,4.0,54.6871997723181
23.9,6.2,8.1,1.0,6.0,49.807462485501595
25.5,7.2,7.5,2.3,74.0,53.88882479814383
25.1,7.2,7.5,2.3,67.0,54.31708680604578
25.2,7.5,7.3,1.8,70.0,40.35463058504779
23.2,7.5,7.5,2.4,506.0,55.51678849951678
20.1,5.3,3.3,7.7,36.0,203.81833704436625
18.3,7.2,7.2,1.7,42.0,46.37180229778515
19.3,7.5,7.2,1.6,44.0,41.71629655461876
24.0,7.8,7.0,2.3,108.0,43.908915974130956
20.5,6.7,2.7,3.3,16.0,125.10918882967673
21.2,7.3,6.6,2.5,386.0,59.56858205717415
26.3,7.4,7.3,1.8,55.0,39.98552633641432
25.5,7.2,7.4,2.0,61.0,47.57443146481051
20.0,7.3,7.1,1.9,53.0,46.55450175890219
20.3,7.3,7.1,2.0,50.0,48.009076848154486
19.4,6.6,7.1,2.6,3108.0,66.06220455343049
21.0,7.3,5.6,1.8,34.0,59.62456043965327
19.2,5.1,7.0,3.6,780.0,91.63417020126172
18.3,7.3,7.1,1.6,40.0,42.75777876586629
19.6,7.7,7.2,1.6,36.0,39.94871002798169
23.7,7.6,7.3,2.1,528.0,46.56870123560064
18.2,6.2,7.0,2.4,79.0,63.040072473431735
18.8,7.2,7.1,1.9,63.0,48.22833247347817
18.9,7.4,7.1,1.5,40.0,39.875782425700415
25.1,7.5,7.4,1.7,59.0,39.96904985535507
18.8,7.1,7.1,1.9,48.0,48.945110997410985
20.2,7.3,7.2,1.9,48.0,47.589703795339
20.0,7.3,7.3,2.0,54.0,50.65945509223552
18.5,1.5,6.9,33.9,34251.0,655.0007037177432
18.8,3.9,7.1,17.0,22223.0,342.87979042992754
18.3,1.0,7.2,57.2,83554.0,1086.5808212767542
18.5,0.9,7.2,61.1,106333.0,1168.0437104503087
18.2,7.2,7.0,1.9,60.0,47.454202867958195
22.1,7.7,7.2,1.6,59.0,37.46350952933484
17.6,7.3,6.9,2.2,52.0,53.48372917245129
18.7,1.2,7.1,45.7,94083.0,895.2902895516511
18.7,3.2,7.1,23.5,54083.0,478.2645897876243
23.1,7.2,7.2,6.9,552.0,131.28260731167816
22.6,7.2,7.1,2.1,120.0,48.59200282560646
20.0,7.5,7.3,1.9,42.0,47.416317274169046
19.9,7.6,7.3,1.9,43.0,46.74130547931401
24.5,7.1,7.3,1.4,115.0,38.204234876246815
24.4,7.2,7.3,1.5,68.0,39.0298435102151
23.6,6.9,7.1,1.6,29.0,41.81991308319029
23.5,6.8,7.1,1.4,86.0,39.43860664449539
27.3,6.2,7.8,2.1,340.0,63.06892034499879
29.1,6.4,7.8,4.1,500.0,93.45163537755045
26.6,6.6,7.9,4.2,572.0,96.40105831545657
27.0,6.7,0.0,1.8965,468.0,128.9913621650643
27.1,7.3,7.9,0.5,173.0,25.177313048907138
27.3,5.0,7.6,1.8,174.0,68.57587999999998
27.0,6.7,0.0,1.8965,227.0,128.8419421650643
24.5,6.0,7.7,8.6,1183.0,176.62831787757787
27.0,6.7,7.3,1.8965,24.0,48.22674883173095
27.5,5.3,7.8,2.8,23.0,84.58750636740312
28.3,4.3,7.8,103.8,1817.0,1815.7680502324579
28.4,4.5,8.3,1.5,5.0,77.5716989228633
27.0,6.7,7.3,1.8965,2.0,48.213108831730956
27.6,6.8,8.2,2.5,64.0,67.63741318731776
27.0,5.0,8.0,0.7,468.0,54.84516000000001
27.0,3.0,7.7,0.4,468.0,67.6587947077675
27.0,6.7,8.1,7.2,41.0,148.09584716506427
29.0,8.2,8.4,2.9,468.0,58.74726313939202
27.0,6.7,7.3,1.8965,468.0,48.502028831730954
30.0,5.6,7.5,2.0,13410.0,71.3761523099851
30.4,5.5,6.7,0.8,2915.0,43.16478350152407
30.8,5.5,7.1,1.5,6264.0,54.59396173999151
30.3,5.3,7.3,1.5,3080.0,57.79751006708816
30.1,6.0,7.6,1.2,6086.0,49.27748284514014
29.9,5.7,6.9,1.0,3061.0,41.920875380141275
29.1,6.4,7.1,1.1,7908.0,38.58526204421713
29.9,6.2,7.8,2.0,9320.0,64.92392350881362
29.8,6.1,7.6,1.8,9554.0,60.60322569258929
27.9,7.0,6.9,1.1,2841.0,29.742668340850088
28.2,6.6,6.5,1.0,7190.0,39.763012034223316
29.6,7.0,6.8,2.0,23867.0,57.07886639601641
28.8,7.0,7.0,1.2,2813.0,29.09551026174192
29.5,6.3,7.6,1.5,7069.0,51.72697323938287
29.8,6.7,6.8,1.2,3559.0,34.35012637339558
29.7,7.1,6.6,1.0,3527.0,28.466009047363563
28.7,6.7,6.6,1.3,3757.0,39.85318114439375
27.9,7.2,6.7,0.9,1996.0,25.96125984160176
29.3,4.2,6.7,2.0,9286.0,83.7717153702068
28.6,6.3,6.6,1.6,6054.0,51.17981926729131
29.8,5.6,7.7,1.7,3644.0,62.70608068080629
28.6,2.8,6.4,3.2,21036.0,131.11707918868652
30.6,5.2,7.1,2.6,1525.0,74.39331800764373
30.3,5.6,7.7,1.5,7130.0,61.242753467509665
30.4,5.5,7.7,1.5,12282.0,65.68932350152407
29.6,6.9,6.7,0.9,1132.0,26.70540007621558
29.6,6.3,7.6,1.7,3612.0,52.895735490743995
29.5,7.1,6.6,1.1,8167.0,33.34067266874671
26.7,6.9,7.7,3.3,163.0,75.16410346371407
29.3,7.2,8.2,3.3,94.0,74.4548593985979
28.0,6.9,7.7,3.7,103.0,80.50973856507494
28.2,6.9,7.6,3.5,79.0,75.65691929064018
26.5,6.4,7.4,4.3,753.0,94.39207754320817
20.7,6.3,8.3,2.7,157.0,81.99137996931833
27.2,6.7,7.8,3.6,89.0,83.06976120961384
27.5,6.3,7.6,4.4,98.0,98.41104981430243
26.0,5.9,7.6,5.0,300.0,113.90648755108353
26.5,7.3,7.7,3.2,93.0,69.43025548765154
27.0,3.6,7.4,30.5,745.0,569.9714109621038
27.3,6.3,8.3,3.3,112.0,88.26109815152647
28.7,7.2,7.7,3.3,89.0,69.32424893196053
28.4,7.1,7.5,3.4,63.0,70.18807785730752
28.7,7.1,7.4,38.0,667.0,657.7353633744472
28.7,7.2,7.6,3.2,51.0,66.39768893196053
28.7,7.0,7.6,3.3,63.0,70.46363781693381
28.7,7.2,7.6,3.4,64.0,69.80908226529385
28.7,7.1,7.8,3.2,88.0,70.0017167077805
29.3,6.8,7.7,3.6,124.0,78.445323750368
28.3,6.8,7.4,3.7,124.0,77.72028225939367
28.7,6.8,7.6,3.3,118.0,72.85458003524043
29.2,6.7,7.8,4.4,138.0,94.60295411040867
28.7,6.8,7.7,3.9,120.0,84.26715336857376
27.2,6.8,8.1,3.8,85.0,88.98719775135585
27.2,6.8,8.0,3.5,98.0,82.68892441802254
27.2,7.0,8.0,3.6,83.0,82.2064575015065
28.0,6.9,7.9,3.5,96.0,79.50473189840828
26.2,7.0,7.6,3.5,63.0,76.78043389426011
26.2,7.2,7.5,3.3,88.0,70.1257712836861
28.2,7.2,7.7,3.3,68.0,70.00782654705705
24.5,6.9,7.5,2.8,82.0,66.30733663406457
24.5,6.7,7.7,3.3,90.0,79.12085839188234
24.5,7.3,7.7,2.9,88.0,66.62026645176239
24.0,6.4,7.3,1.7,788.0,50.68770465373213
24.9,6.0,7.1,1.7,538.0,51.41697340077459
24.3,6.3,7.1,1.3,593.0,42.106481478891496
24.8,6.5,7.3,1.6,545.0,47.35559488093287
26.4,6.7,6.6,1.2,435.0,38.3882426135025
27.0,7.0,6.6,1.5,435.0,39.707398625565844
26.6,6.7,7.3,0.8,1567.0,30.89919279350593
28.6,6.9,7.7,0.7,443.0,28.958155852194967
28.8,6.7,7.9,0.9,426.0,36.87735272248063
28.0,5.6,6.9,1.2,990.0,46.0582528801991
27.4,7.3,7.4,0.8,4208.0,26.383197199236506
27.5,6.9,7.4,0.8,2557.0,29.644789215775344
26.8,7.1,7.4,0.6,2831.0,25.034975270455988
30.0,7.2,6.9,1.3,150.0,26.14982513661203
28.8,3.4,6.7,2.3,1236.0,93.09749312393978
27.4,6.1,7.2,0.9,2975.0,38.10439605180876
24.8,6.4,7.2,1.9,618.0,52.267386333315116
23.6,6.2,7.2,2.0,483.0,56.46689142096229
29.8,6.6,6.9,1.6,756.0,39.47107737103898
30.2,6.8,7.0,1.7,785.0,36.95400265477644
28.2,2.9,6.7,2.2,1623.0,96.75883587174854
27.7,3.0,6.6,2.0,1319.0,92.61559897028317
23.9,6.7,7.1,1.6,738.0,43.85063963223837
27.4,3.6,7.3,2.6,112867.0,163.83930866133431
27.8,6.1,7.8,1.3,997.0,50.63392261826917
26.4,6.9,7.4,0.5,67.0,24.16173468567926
29.6,7.0,6.9,1.1,317.0,25.961533062683067
27.0,3.1,7.2,13.2,19917.0,290.4477096390458
26.3,7.0,7.1,0.5,496.0,19.886708613678604
30.0,6.1,7.0,1.8,282.0,47.48675256830602
28.0,6.0,6.4,2.1,300.0,62.41419924477628
30.1,6.3,7.0,2.8,543.0,62.03333836534887
27.9,6.9,8.1,0.9,615.0,38.10096925714091
27.0,5.9,6.7,1.5,377.0,50.307554381504616
26.0,7.8,6.8,1.4,319.0,28.428926455222914
27.7,7.1,7.4,1.0,66382.0,70.16323008120267
27.1,7.3,7.2,0.9,3471.0,25.61940638224047
26.5,6.2,7.2,0.8,942.0,34.64565503703558
28.5,7.2,6.8,1.2,941.0,28.39321908010695
28.7,6.9,6.7,2.5,701.0,54.820285592753784
25.7,6.3,7.4,0.6,128.0,32.634207871094425
29.3,7.6,6.8,1.6,109.0,28.648961713494526
27.0,7.0,7.2,0.6,3558.0,23.92599195889917
30.9,5.9,7.0,1.5,253.0,44.27677510361922
27.1,6.8,7.2,0.6,2392.0,25.25418296581138
30.3,6.3,6.7,1.3,278.0,39.7533036240487
30.4,6.4,6.9,1.0,277.0,30.84816047093406
26.2,6.6,7.3,0.6,940.0,28.502832448741422
26.2,6.9,7.2,0.5,774.0,22.398668532880436
25.1,6.0,7.3,1.7,597.0,53.75999460880869
27.4,6.1,7.2,0.7,311.0,33.04938271847543
28.1,4.5,6.9,0.7,388.0,49.686520064682426
28.3,4.2,7.0,0.6,420.0,50.324221218047256
28.2,6.0,7.0,2.2,1894.0,57.773370854722906
27.2,7.3,7.0,1.0,927.0,23.21082046006583
27.4,6.3,7.0,1.6,1876.0,44.734239576380055
28.2,6.4,7.2,1.4,1357.0,41.642733863278735
27.9,5.9,7.0,2.2,1284.0,58.706958420049205
27.3,4.6,7.0,1.7,1937.0,65.1317887738893
28.2,6.5,6.9,2.0,1573.0,49.63856294875102
28.2,6.5,7.0,1.4,1221.0,38.00898961541769
26.7,6.4,6.4,1.2,376.0,43.65753799080685
28.0,6.0,6.1,1.2,438.0,50.788759244776294
29.7,5.3,6.8,2.8,523.0,77.26463176867098
28.2,3.6,6.5,1.8,261.0,83.48309280338793
28.9,6.9,6.7,1.8,205.0,42.35271333069859
26.4,6.0,6.6,1.5,398.0,50.7736870275505
30.0,4.9,6.8,1.6,614.0,61.90802128166914
30.8,6.3,7.0,1.4,201.0,37.298219190644595
27.8,6.6,6.8,1.1,347.0,34.007520778088484
26.7,7.1,7.5,0.8,1097.0,28.679766986210296
27.0,6.0,7.3,1.2,78.0,43.94104264611626
26.8,6.1,7.7,1.2,211.0,47.87485053849282
19.0,5.8,7.8,0.6,1100.0,45.27091922387313
21.4,6.1,8.0,0.9,1260.0,49.73755942608594
27.1,7.3,7.3,2.3,336.0,48.70037304890713
26.3,7.6,7.4,2.4,834.0,49.80379186444886
28.3,6.5,7.1,1.0,212.0,31.68477521616138
27.9,6.5,7.1,1.0,79.0,31.970666255637564
23.4,7.5,7.8,1.4,18918.0,53.3050821859456
23.5,7.6,7.6,2.3,32918.0,73.8852777457526
22.4,7.3,7.5,1.2,17512.0,48.187140614276316
26.8,7.5,8.0,1.4,23191.0,54.21939849657458
26.5,7.3,7.9,2.9,30836.0,85.78858215431819
22.0,7.4,7.9,2.3,3900.0,62.79809398171068
27.6,6.9,8.1,2.0,22523.0,70.74177466068727
26.8,7.0,8.0,1.8,10469.0,58.46356279725966
25.6,7.2,7.8,1.3,31034.0,59.561227926657295
26.5,7.3,8.0,1.2,5289.0,42.22244215431819
24.0,6.7,7.8,1.0,468.0,41.80647850810331
28.0,8.0,7.7,1.8965,468.0,37.56719940099552
28.0,8.0,8.2,4.0,468.0,79.36842440099551
28.0,7.0,8.2,5.0,468.0,107.72989182288588
27.0,7.0,6.4,4.0,468.0,84.67219195889916
27.8,6.7,7.5,1.7,474.0,46.77784707671901
23.4,7.2,6.5,3.1,59.0,69.63540485696545
25.4,6.7,6.3,3.3,74.0,78.37719655912929
26.3,6.3,6.5,4.0,124.0,91.2859025988911
29.0,6.6,6.9,5.4,53.0,104.58424490302933
24.6,7.1,6.3,3.5,82.0,78.62620396740678
23.5,6.9,6.3,3.5,52.0,81.4566721988192
29.0,7.3,7.1,3.6,104.0,65.59901246477133
27.0,6.1,7.0,5.2,77.0,107.32695757739455
24.0,6.9,6.4,3.2,65.0,74.73873441101743
28.7,6.8,6.8,9.4,58.0,171.81371336857376
26.3,6.0,6.6,3.9,84.0,91.4721743068393
25.7,6.5,6.7,3.3,113.0,75.35465369741662
26.8,3.4,7.8,164.9,160405392.0,102314.67248042885
27.0,6.7,7.3,1.8965,468.0,48.502028831730954
23.3,5.5,7.2,9.7,4975.0,196.70273475655227
22.8,4.7,7.3,23.8,56000.0,476.57299822316907
23.3,5.3,7.2,11.3,6025.0,226.37084085393138
21.8,4.9,7.3,23.5,54250.0,468.5944787357084
24.3,5.3,7.4,13.0,26750.0,270.4183434182057
23.5,4.9,7.5,16.5,30500.0,337.22552111234285
24.0,4.4,7.4,24.8,55250.0,497.2593189579243
23.5,4.8,7.2,20.3,43700.0,407.3727088913523
23.3,5.1,7.3,14.8,8425.0,290.40894695131044
22.5,4.6,7.4,24.3,50000.0,483.387374065956
26.0,4.0,7.4,26.0,57500.0,523.7418286469441
25.8,4.4,7.3,21.5,43750.0,433.289578236398
27.0,6.7,6.9,13.0,468.0,235.04392049839757
27.0,6.7,6.5,15.0,468.0,273.88258716506425
27.0,5.0,7.3,33.9,468.0,611.38916
27.0,6.7,6.7,18.0,468.0,322.5299204983976
30.7,4.8,7.6,0.8,9.0,54.09946350245392
20.3,7.1,7.5,1.3,19.0,42.43887915121353
20.7,7.1,7.5,1.4,22.0,43.83793533505267
20.8,6.6,7.5,1.6,24.0,51.144569002306405
20.6,4.9,7.4,16.3,120.0,313.669920938899
28.0,4.9,8.3,1.0,5.0,64.40158007552238
23.4,5.5,7.4,0.8,6.0,44.5547711038558
25.3,5.5,8.1,1.1,6.0,57.6316764198714
31.1,5.0,7.3,1.7,12.0,63.16977333333334
26.3,5.6,8.1,1.1,6.0,56.33857658410358
22.0,7.3,7.3,2.1,32.0,50.630277288028296
24.4,7.2,7.3,2.2,57.0,50.934690176881766
23.7,7.2,7.4,2.2,56.0,52.82947027627747
24.6,7.6,7.2,1.8,57.0,38.908489039011585
23.1,7.1,7.5,2.2,413.0,55.70878940357158
21.7,5.2,2.9,7.8,30.0,210.9734367839232
18.2,7.3,7.1,1.3,48.0,37.731520574077514
18.8,7.6,7.2,1.2,36.0,34.59694504441361
23.8,8.0,6.9,1.8,49.0,34.98113050041615
17.8,7.9,7.3,1.4,29.0,37.95193104090563
18.7,7.4,7.2,1.9,32.0,48.037333616500945
18.8,7.7,7.2,1.6,63.0,40.69427318714746
21.3,6.8,2.7,3.2,11.0,122.08549391523326
22.6,7.1,6.5,3.8,1072.0,83.781760878988
25.2,7.8,7.2,1.6,41.0,32.78565158858687
24.8,7.3,7.3,2.0,47.0,46.15058326187484
19.9,7.3,7.0,1.8,45.0,43.72738125734188
20.7,7.4,7.1,1.7,42.0,41.77347276386971
20.6,6.5,7.1,2.7,2722.0,67.63615924984903
21.5,7.5,5.7,1.5,23.0,51.23184889869816
17.7,5.8,6.9,3.1,463.0,79.34378773583153
17.9,6.9,7.2,1.4,33.0,43.632479327100185
23.9,7.8,7.3,1.9,444.0,41.03990135505928
18.0,6.6,7.0,2.3,63.0,58.60403649599379
18.4,7.6,7.1,1.7,53.0,42.25431138342689
18.8,7.8,7.0,1.4,35.0,34.14483466321465
24.8,7.7,7.4,1.6,56.0,36.69937078567917
19.3,7.1,7.0,1.8,43.0,45.68759390587976
20.6,7.4,7.0,1.6,87.0,38.98610413309178
20.7,7.5,7.2,1.6,46.0,40.483443017919846
18.4,3.1,7.2,21.8,31444.0,437.03843732236743
19.1,4.7,7.2,13.6,20056.0,279.10224864661154
19.7,2.1,7.2,37.2,62333.0,726.6384731662774
20.1,1.8,7.2,40.6,96944.0,808.6722093045378
17.6,7.2,6.9,1.7,56.0,45.665550222924416
22.7,7.9,7.1,1.2,50.0,27.05325932144832
17.9,6.9,6.9,2.2,45.0,56.05191932710018
18.9,1.9,7.0,34.2,85667.0,688.3246182556925
19.4,4.5,7.1,15.5,43333.0,326.18719607705293
23.7,7.2,7.1,6.7,476.0,126.06087027627746
22.7,7.5,7.0,2.1,122.0,44.69143826561638
23.6,7.1,7.5,1.9,468.0,50.18599832001735
23.8,7.0,7.6,1.8,468.0,50.41777144472188
23.5,7.2,7.9,1.9,468.0,54.17902886179066
23.5,6.5,7.8,1.8,468.0,57.60300998152393
27.4,6.6,7.7,1.7,325.0,50.58695486323699
21.9,6.7,7.8,4.8,520.0,108.00161328115705
27.5,6.6,7.7,3.7,575.0,84.68236951503889
31.0,7.1,7.8,8.0,468.0,148.4120040508048
28.0,7.2,7.4,0.7,10.0,22.39463833850783
27.0,6.2,8.4,9.0,350.0,187.90208584200616
30.0,2.2,8.0,17.9,25478.0,398.5422492200695
31.0,2.0,7.7,32.3,15173.0,638.445149451231
29.0,2.4,7.6,6.2,13.0,174.5005595325773
31.0,5.9,7.2,2.1,90.0,56.7153998312973
30.0,6.1,6.8,1.3,3808.0,43.567205901639355
30.0,5.5,6.9,1.3,11113.0,54.50302025832091
29.0,5.4,7.2,1.5,2309.0,55.196759559090665
29.0,5.8,7.2,5.3,3322.0,115.69566578484799
29.0,5.9,6.7,1.5,5793.0,52.567564007954
28.0,6.4,6.7,1.3,3636.0,42.72726560935346
30.0,6.2,7.7,1.3,4517.0,48.7454446199702
30.0,6.1,7.8,1.5,5840.0,55.438379234972686
27.0,7.3,6.9,0.7,4388.0,21.712530086067375
28.0,6.8,6.6,1.5,3949.0,42.98807197393065
29.0,7.4,6.5,2.3,16691.0,57.368497354544
28.0,7.0,6.8,1.6,2404.0,39.060211822885904
29.0,6.3,7.5,1.6,4267.0,50.93329023371133
29.0,7.1,6.8,0.8,3567.0,23.696982685226015
30.0,7.3,6.8,1.2,2446.0,25.80500385494289
28.0,6.7,6.6,1.0,3496.0,35.33335871611969
28.0,7.4,6.8,1.3,1404.0,28.797291520796417
29.0,4.5,6.6,2.4,5889.0,85.91712221780332
28.0,6.1,6.9,1.8,3937.0,52.42299250258725
30.0,5.9,7.3,1.6,2794.0,51.78087513164432
30.0,2.4,6.5,4.8,14217.0,160.09941332339787
31.0,4.0,6.8,1.8,2280.0,78.52967426152152
29.0,5.4,7.6,1.6,1330.0,61.096779559090656
30.0,5.3,7.6,1.4,2517.0,59.417849488325885
29.0,7.0,6.9,0.8,3059.0,23.378811128786673
29.0,5.9,7.7,2.1,831.0,64.50645734128733
29.0,7.1,6.5,1.7,8163.0,45.46550268522601
29.0,6.9,7.7,3.3,123.0,72.50627957234734
30.0,6.6,7.9,3.2,104.0,75.67168615996027
27.0,6.6,7.7,3.6,77.0,83.12896556711934
27.0,6.8,7.7,3.4,75.0,77.57212876300925
27.0,4.8,7.2,8.4,408.0,178.37789013744342
23.0,6.4,8.0,4.2,68.0,101.80085879536215
29.0,6.8,7.6,3.0,295.0,67.50470801590801
29.0,6.7,7.5,4.6,132.0,94.62710312613532
28.0,5.8,7.9,9.5,451.0,194.30411272915435
29.0,6.9,7.7,3.1,168.0,69.13084623901399
25.0,4.9,7.6,55.5,964.0,983.8330995404579
28.0,6.9,7.9,2.7,107.0,65.89821856507493
29.0,6.8,7.5,3.0,241.0,66.26989468257467
29.0,6.7,7.3,2.9,209.0,63.343843126135326
29.0,5.6,6.9,4.5,173.0,101.32486267196933
29.0,6.5,7.3,3.0,284.0,67.48825334659
30.0,7.1,7.5,3.0,297.0,61.24263975161452
30.0,6.4,7.3,3.1,191.0,69.35197538996522
29.0,6.9,7.7,2.9,268.0,65.78951290568067
25.0,7.0,7.9,2.9,86.0,71.39526252417424
30.0,6.4,7.6,3.7,139.0,83.13373538996522
30.0,6.9,7.7,2.8,123.0,62.67010898161948
31.0,6.3,7.7,3.5,116.0,81.18015679335537
30.0,6.5,7.5,3.4,126.0,75.55133410829607
30.0,6.3,7.4,4.7,134.0,99.01264333830105
28.0,6.5,8.1,4.0,115.0,94.96543220049774
28.0,7.0,8.0,3.5,245.0,79.66396515621923
28.0,7.0,8.0,2.9,74.0,69.34794515621924
27.0,6.8,7.8,3.3,77.0,77.07303542967591
27.0,6.4,7.6,3.2,142.0,77.31352903789609
26.0,6.7,7.7,3.0,73.0,72.75521796686152
27.0,6.7,7.6,2.9,64.0,68.93177383173096
28.0,6.6,7.8,3.5,79.0,81.69629879164205
23.0,7.0,7.7,2.4,112.0,62.29929542194593
22.0,6.8,7.6,2.9,123.0,72.11241381961635
23.0,6.9,7.5,2.3,108.0,59.07495598418196
26.0,7.0,7.2,0.8,637.0,26.594616039444936
26.0,6.6,7.0,1.1,670.0,33.40667416488929
26.0,6.6,7.3,0.7,541.0,30.124027498222617
26.0,6.2,7.3,0.8,609.0,35.9571189570003
26.0,7.1,7.0,1.0,538.0,26.51158650808385
26.0,7.0,6.7,1.1,528.0,32.833369372778265
29.0,6.7,7.3,1.1,2025.0,33.83976312613533
28.0,6.2,7.3,1.0,676.0,38.05602576039821
28.0,7.1,8.1,0.9,992.0,35.95062508069687
29.0,6.3,6.3,1.2,780.0,44.36735023371134
26.0,7.3,7.2,0.6,893.0,20.283054112028346
26.0,7.0,7.3,0.9,503.0,29.414536039444933
28.0,6.8,7.1,0.8,1169.0,25.748805307263975
29.0,7.4,7.2,0.7,255.0,16.34751068787734
28.0,1.7,6.6,3.4,1717.0,131.79438249223827
26.0,6.1,7.5,1.4,2686.0,50.87984182169472
26.0,6.6,7.2,0.8,660.0,30.698140831555953
25.0,6.6,7.2,0.8,810.0,31.589487352672737
29.0,6.0,6.7,1.2,680.0,43.094382231059996
29.0,6.6,6.8,1.0,626.0,31.267504903029348
28.0,0.6,6.7,4.1,1308.0,154.73041665631766
27.0,1.8,6.6,2.0,1410.0,104.77908219909467
25.0,7.1,7.2,1.0,608.0,30.005482983716302
26.0,3.9,7.6,2.5,7240.0,96.11394484497194
27.0,6.6,8.0,1.1,783.0,44.62901890045268
27.0,7.0,7.1,0.8,77.0,23.96977195889917
29.0,7.3,7.0,0.7,258.0,15.144825798104677
29.0,0.5,7.1,21.2,15833.0,456.3166066268966
29.0,7.0,7.4,0.9,1400.0,27.655897795453342
29.0,6.1,6.8,1.1,394.0,38.81594045416601
27.0,7.0,6.7,1.3,248.0,34.98679195889917
30.0,5.2,6.9,1.5,465.0,55.108617436661696
27.0,6.1,8.0,1.1,1572.0,50.498857577394546
27.0,6.5,6.9,1.8,1481.0,47.2375773025077
25.0,7.9,7.2,1.1,845.0,24.07473332671933
25.0,7.5,6.9,0.9,256.0,22.99456482188447
26.0,7.0,7.4,1.0,897.0,32.56181603944494
29.0,7.3,7.3,0.9,1788.0,23.100759131438007
27.0,7.5,6.9,1.6,1400.0,33.02270661529063
27.0,6.8,6.9,1.7,1260.0,42.17049542967592
27.0,5.8,7.3,0.9,343.0,41.152606116893
28.0,7.1,7.2,0.8,184.0,22.93599841403021
26.0,6.8,7.1,0.7,3460.0,27.486508435500436
29.0,5.7,7.3,1.5,144.0,51.461427561742
27.0,6.7,7.1,1.2,1739.0,35.03527383173096
28.0,7.0,6.9,0.9,278.0,24.6290918228859
29.0,6.5,7.0,1.3,175.0,34.88834001325667
28.0,6.6,7.3,1.4,1875.0,41.06815212497539
29.0,7.0,7.3,0.8,1813.0,25.00895779545334
26.0,6.3,7.2,0.8,880.0,33.90148942563921
28.0,6.0,7.0,1.1,493.0,38.309192578109624
28.0,4.4,7.1,1.5,722.0,64.61085378646756
28.0,4.5,7.2,1.0,537.0,56.054673710945195
28.0,5.1,6.9,2.1,1946.0,67.63837325781095
27.0,7.5,7.2,1.1,1134.0,25.550786615290633
28.0,6.8,7.0,1.3,2267.0,33.73656530726399
28.0,6.8,6.9,1.4,1785.0,36.34072530726398
28.0,5.9,6.8,2.2,1520.0,61.201412653631984
28.0,4.9,6.7,2.2,2200.0,74.16914674218904
28.0,6.8,6.9,1.4,1223.0,35.99228530726398
28.0,7.1,6.9,1.2,1636.0,29.441571747363536
26.0,6.9,6.6,1.1,542.0,35.06569890413935
28.0,6.5,6.3,1.0,323.0,39.23905886716443
29.0,4.9,6.6,2.1,1241.0,73.13787511022733
28.0,4.2,6.5,1.4,528.0,69.86320060417896
28.0,6.9,7.1,0.9,336.0,25.79953189840827
26.0,6.6,6.7,0.8,464.0,31.777954164889287
29.0,4.5,6.6,2.1,435.0,77.43064221780332
29.0,6.2,7.2,1.3,141.0,40.86429201060534
27.0,6.6,7.1,1.1,810.0,33.83375890045267
29.0,6.3,7.3,1.2,1813.0,40.202476900378
27.0,6.0,7.6,1.1,362.0,46.01945597944959
27.0,6.0,7.8,1.1,343.0,48.410342646116256
20.0,5.8,7.4,0.6,1517.0,40.4497487277341
24.0,6.1,7.5,0.5,1458.0,35.86359746602764
28.0,6.4,7.1,2.3,398.0,55.33370560935346
27.0,7.1,7.4,1.9,995.0,45.78513355684413
32.0,6.7,7.2,1.0,70.0,25.754539995597703
30.0,6.8,7.1,1.0,137.0,26.1087969299553
22.0,7.8,7.9,1.5,15083.0,52.75151408977358
22.0,7.7,8.1,2.0,32017.0,75.00327072942451
24.0,6.9,7.6,1.6,5395.0,50.81666774435076
27.0,7.3,8.0,1.6,4348.0,47.81473008606738
26.0,6.8,8.1,2.6,5142.0,72.87434843550044
25.0,7.2,8.1,3.1,4586.0,78.04642344325833
28.0,8.0,8.3,1.4,4319.0,38.714044400995526
29.0,8.2,8.0,2.0,1116.0,39.028689806058686
26.0,7.0,8.0,1.8,3573.0,55.042269372778264
28.0,7.2,8.1,1.6,2324.0,47.55365167184116
31.0,6.8,7.8,2.1,468.0,52.049692995927934
25.0,6.5,7.9,3.0,468.0,78.19586689313068
25.0,6.9,7.4,3.0,468.0,68.2995220646322
25.0,6.8,8.1,1.8965,468.0,58.903383271756816
26.0,6.0,7.3,1.8965,468.0,56.57310635305579
27.0,6.8,7.5,2.1,589.0,53.36647542967592
23.0,7.3,7.6,1.9,89.0,49.92794706857115
25.0,7.0,7.7,2.2,131.0,57.10882919084092
26.0,6.7,7.7,3.1,300.0,74.5976246335282
29.0,7.2,7.2,2.1,91.0,42.46540757499868
24.0,7.0,7.1,1.9,118.0,45.71731902914115
24.0,7.0,7.5,1.7,87.0,47.10009902914115
29.0,7.4,7.0,15.6,174.0,267.44295735454403
29.0,7.2,7.3,2.9,123.0,57.29991424166533
24.0,7.1,7.4,1.8,90.0,46.67635031393155
29.0,7.2,6.9,3.8,104.0,70.20046757499867
26.0,6.7,7.6,3.3,249.0,76.7680046335282
27.0,6.7,7.6,4.1,251.0,89.46771383173095
32.0,0.2,7.2,185.8,300000000.0,189263.44893805165
27.0,6.8,8.0,3.1,468.0,76.31478876300925
21.0,5.5,7.4,8.8,5500.0,184.57565516804058
24.0,5.5,7.4,25.0,63000.0,495.28228975728524
21.0,5.3,7.3,9.9,10000.0,206.4891931008243
24.0,5.1,7.4,21.9,57750.0,442.9793912847904
21.0,5.3,7.5,13.5,34750.0,285.496859767491
18.0,4.9,7.4,17.5,40667.0,359.14074980233374
22.0,4.3,7.5,24.5,65000.0,499.7367364775566
22.0,4.8,7.4,26.0,55000.0,513.6520199459685
21.0,5.1,7.4,16.0,12000.0,314.3387310336081
24.0,5.3,7.4,26.9,66250.0,531.4808405210379
22.0,4.9,7.4,27.8,40500.0,534.4503433063176
22.0,5.2,7.4,20.5,29500.0,400.8836467206981
27.0,6.4,7.9,21.0,468.0,384.0163157045627
27.0,6.6,7.8,18.0,468.0,329.61271890045265
27.0,6.4,8.0,19.5,468.0,359.6926490378961
33.0,4.8,7.5,2.4,4.0,80.53706104925699
20.0,7.7,7.4,1.2,19.0,35.15769278943591
20.0,7.3,7.0,1.4,22.0,36.82561509223553
20.0,7.1,7.7,1.5,23.0,48.47126624363534
20.0,3.3,7.5,185.0,468.0,3198.0494247868983
18.0,6.2,7.5,41.5,235.0,734.5715157053287
24.0,6.0,8.3,1.4,16.0,60.82116618123725
19.0,5.9,7.3,1.5,12.0,53.171974126857265
23.0,6.4,8.0,1.2,21.0,50.72171879536215
24.0,5.9,7.9,1.5,14.0,58.64220156311352
23.0,7.3,7.4,2.1,46.0,50.901953735237825
28.0,8.5,7.5,2.7,31.0,42.894084023383655
29.0,8.9,7.0,1.9,45.0,16.26281736780067
30.0,8.0,7.8,2.1,51.0,37.96704821659217
30.0,7.5,7.7,1.2,54.0,27.792614624937922
28.0,8.5,7.6,2.0,16.0,32.17445069005033
29.0,8.4,7.5,1.9,75.0,28.278692918937338
30.0,8.7,7.2,3.2,52.0,40.6019459115748
29.0,6.5,7.7,8.2,114.0,160.67485334658997
28.0,8.6,7.5,4.6,39.0,74.09623061452795
28.0,8.9,7.5,1.2,33.0,12.832403721294174
30.0,9.8,8.4,1.2,10.0,7.010485146547467
28.0,7.6,7.5,1.3,30.0,29.28045136975168
29.0,8.7,7.6,1.2,60.0,13.964694254922017
28.0,8.4,7.4,2.4,48.0,37.7327707655727
29.0,8.7,7.6,2.5,59.0,36.08574092158867
32.0,8.2,7.4,1.9,46.0,21.98245018779177
32.0,8.0,7.2,1.4,80.0,13.95584705105477
30.0,8.4,7.6,1.5,20.0,20.263129756582227
29.0,9.4,7.8,1.0,16.0,4.549895149997341
31.0,8.1,8.0,2.4,73.0,41.82302978928329
29.0,8.1,8.0,1.8,26.0,36.14767824961935
30.0,8.7,7.6,2.6,24.0,35.17991924490812
29.0,8.7,7.6,1.9,58.0,25.87512092158868
30.0,9.2,7.6,1.9,30.0,16.93193283656237
29.0,8.3,7.7,2.0,48.0,33.564408029164674
29.0,5.9,7.1,6.6,522.0,133.68187734128733
30.0,4.3,7.4,12.3,412.0,253.87182897168404
29.0,8.2,7.1,3.3,12.0,49.653876472725344
28.0,11.1,7.6,3.6,32.0,29.91455539313533
29.0,7.4,7.1,2.7,55.0,49.05551068787733
28.0,8.2,7.6,2.1,31.0,37.28885758328411
29.0,8.5,7.5,3.6,41.0,55.98782447537667
28.0,11.4,7.2,1.0,20.0,-22.544991500098448
29.0,8.9,7.6,1.7,30.0,20.058184034467335
30.0,9.3,7.6,2.3,41.0,22.4774115548932
28.0,9.1,7.3,3.9,67.0,54.12685690358276
28.0,7.9,7.3,0.8,38.0,14.970971143184556
29.0,8.7,7.4,2.2,36.0,28.56381425492203
30.0,8.1,7.3,2.2,56.0,32.39714026825636
30.0,8.2,7.4,2.2,39.0,32.31992565325389
25.0,7.7,7.2,1.8,50.0,37.4383390743019
25.0,7.6,7.2,2.5,45.0,50.31932528142652
25.0,9.9,7.2,1.5,55.0,10.943209184226907
24.0,7.6,7.4,2.1,408.0,47.34880007121684
22.0,5.5,2.9,6.8,33.0,191.41007680174528
16.0,7.6,7.0,1.3,27.0,36.12824012375269
17.0,7.7,7.1,1.4,22.0,37.5959456332478
23.0,8.3,7.0,1.7,33.0,30.457154779544112
25.0,6.9,2.6,3.2,21.0,119.47904873129887
25.0,7.7,6.3,2.1,326.0,48.72112574096857
25.0,8.8,7.3,1.5,35.0,22.82875746259773
25.0,7.3,7.3,2.0,36.0,45.924003902800386
20.0,7.5,7.0,1.7,40.0,40.407743940835715
22.0,7.8,7.1,1.6,33.0,35.51151408977357
20.0,7.0,7.0,2.4,2600.0,57.741688486001905
21.0,7.5,6.3,1.7,21.0,47.898962506869495
16.0,6.4,6.9,2.6,538.0,67.44813698971298
17.0,7.5,7.1,1.4,22.0,38.93463904313068
17.0,8.0,7.1,1.4,25.0,35.58976551842349
24.0,7.9,7.3,1.7,418.0,36.569173925588004
18.0,7.5,6.9,1.9,49.0,46.688134941656955
18.0,7.9,7.2,1.7,45.0,41.68281573232208
18.0,8.0,7.2,1.4,31.0,35.86892592998835
25.0,7.7,7.1,1.5,43.0,31.127665740968563
19.0,7.2,7.1,1.6,40.0,42.96299453231776
21.0,8.2,7.1,1.2,32.0,26.566566408792955
21.0,7.8,7.1,1.5,43.0,34.8914622743605
18.0,3.9,7.1,16.9,23000.0,341.37530782567086
18.0,4.9,7.1,14.2,15500.0,283.77820980233366
19.0,2.7,7.1,35.4,62667.0,689.9273972313647
19.0,2.5,7.1,37.2,87167.0,737.2128340920632
18.0,8.0,7.0,1.4,41.0,33.47245926332168
24.0,8.4,7.1,1.2,45.0,20.797203682873292
17.0,6.8,6.6,1.9,38.0,55.7423193110541
18.0,2.1,7.0,45.6,84500.0,879.2860842676779
19.0,4.0,7.1,22.4,45250.0,448.38685097015855
24.0,7.7,7.2,6.6,425.0,120.60573135600721
22.0,7.6,7.1,2.0,81.0,44.03129403574213
20.0,7.7,7.1,1.6,22.0,38.36221945610257
20.0,7.7,7.1,1.9,26.0,43.46969945610257
24.0,6.5,7.4,1.0,438.0,38.834429271855875
24.0,6.3,7.5,0.9,204.0,40.04090003560842
24.0,6.5,7.2,1.1,625.0,38.249369271855876
24.0,6.9,6.9,1.1,503.0,33.26862774435076
28.0,6.6,7.8,1.6,316.0,49.511572124975395
28.0,6.4,8.0,3.9,516.0,93.44553227602012
27.0,6.5,8.0,4.2,616.0,98.3532773025077
29.1,6.7,7.7,5.0,468.0,103.93102676797794
27.0,4.2,7.9,18.0,468.0,356.64121388310696
28.1,4.6,8.0,158.8,46.0,2749.480888051746
29.1,4.8,7.8,164.0,468.0,2833.6737835174927
27.7,6.7,8.5,1.8965,468.0,62.23248887525929
27.1,6.7,8.3,1.8965,468.0,60.41982928252556
27.1,6.8,7.8,1.8965,468.0,53.331411299144705
27.3,6.8,8.5,1.8965,468.0,61.535948850831524
27.0,4.2,8.2,42.0,468.0,768.645213883107
27.6,7.1,7.3,1.4,6.0,34.73946427409295
28.2,5.0,8.3,4.1,30.0,116.03426666666667
28.0,6.7,8.0,1.5,3550.0,51.08317204945302
28.5,5.8,7.7,2.5,6800.0,76.47232087761465
29.5,5.9,7.6,3.9,3200.0,95.09705685803429
27.0,7.6,7.7,10.0,77.0,181.27431487990222
29.5,6.0,7.7,3.6,2450.0,89.49617428670479
27.0,4.3,8.4,6.5,15.0,165.59922214771862
26.7,3.7,8.2,4.3,20.0,132.00410710377457
27.0,4.6,7.2,4.0,2300.0,106.82986027488684
26.8,6.2,8.4,1.3,468.0,57.08016301168914
28.7,6.8,6.5,1.1,178.0,34.25378003524044
29.3,6.6,7.0,1.1,113.0,29.924269259586378
28.8,6.0,6.2,1.5,166.0,54.019311797537625
28.3,5.9,6.6,1.1,169.0,43.881647796363495
25.8,7.3,6.1,0.9,169.0,33.58484120491874
28.3,7.3,5.9,1.5,163.0,42.95224066478078
27.8,6.7,6.3,2.0,149.0,54.084013743385675
26.0,6.8,6.2,1.6,151.0,49.15926176883378
27.8,7.1,5.9,1.8,131.0,50.985198937907796
26.3,7.4,6.2,1.3,133.0,37.532219669747654
25.7,7.3,6.2,1.2,137.0,37.585517002705515
29.0,7.3,5.9,1.3,173.0,38.516792464771335
26.9,6.0,5.9,1.8,171.0,63.87511304319213
27.0,6.1,6.5,2.0,149.0,58.92493091072787
27.5,6.2,6.3,1.8,135.0,56.496685469612494
28.3,7.0,6.5,0.9,166.0,28.995033621548515
29.0,7.3,6.0,1.6,181.0,42.42541913143801
28.2,7.1,7.9,3.3,137.0,73.60003079491811
27.0,7.1,7.7,4.4,468.0,91.6040602235108
27.4,7.0,8.0,3.5,105.0,80.28900191237958
27.3,7.0,8.0,3.3,93.0,76.99341613055354
28.5,5.7,7.4,6.3,541.0,134.81665910124613
28.4,5.9,7.6,4.9,63.0,110.82544860551275
28.4,7.0,7.7,3.8,285.0,80.69430430854683
28.9,6.2,7.4,5.1,401.0,108.17102491061665
28.2,5.9,7.8,6.8,228.0,145.7745417692506
28.9,7.2,7.9,3.2,282.0,69.85730455835277
27.0,3.2,7.4,46.0,1164.0,838.2940512369906
27.9,6.8,7.8,2.6,72.0,64.21706350676509
26.8,6.9,7.5,3.2,409.0,71.10805699073
27.2,6.9,7.5,3.4,307.0,74.02275429309786
26.8,6.1,6.9,4.2,135.0,91.66973053849281
26.9,6.8,7.4,3.2,133.0,70.70109414441252
26.8,6.7,7.4,3.2,124.0,71.86007871100405
26.9,6.6,7.4,5.0,158.0,103.48770886910741
26.9,6.7,7.5,3.6,226.0,79.83731150675996
26.2,7.1,7.9,3.2,147.0,74.29876592230644
27.4,6.0,7.4,59.1,116.0,1030.20337095619
26.4,6.7,7.7,2.3,88.0,60.49543594683583
26.7,6.3,7.9,2.5,71.0,70.25364622955875
27.3,6.3,7.9,2.4,71.0,68.11534481819315
27.4,6.3,7.7,4.4,102.0,99.69035957638006
27.6,7.0,8.3,3.8,90.0,88.75542946739012
27.5,7.0,8.3,3.6,90.0,85.46922022713194
27.5,7.1,8.3,3.2,124.0,77.57893790515523
26.9,6.8,8.2,4.3,69.0,98.99041414441251
25.9,6.8,7.8,3.4,740.0,80.24726715673569
25.9,7.0,7.8,3.4,100.0,77.81614869266929
26.0,6.9,7.8,3.3,169.0,77.07643890413935
26.9,6.8,8.2,4.0,99.0,93.9040141444125
24.8,6.7,7.8,2.5,51.0,66.44525197616835
26.2,6.7,7.8,2.5,68.0,65.26777781012107
25.3,6.9,7.7,2.2,55.0,57.75693439551133
26.6,7.1,6.9,0.5,641.0,18.601010705703402
26.8,6.6,6.9,0.9,495.0,30.412792904474394
26.6,6.9,7.1,0.8,520.0,25.739188416271322
26.8,7.2,7.0,0.8,654.0,21.218207743652297
29.3,6.3,6.9,1.3,1325.0,38.93552419008059
25.4,7.2,7.4,0.9,2225.0,30.307105743186934
25.5,6.9,7.5,0.8,1725.0,32.378179598396954
26.6,6.5,6.9,1.3,1127.0,38.84025717074052
24.7,7.1,7.1,0.6,646.0,22.320966224017987
24.8,7.1,7.1,0.6,538.0,22.15473283330602
28.0,7.5,7.2,0.6,900.0,15.438664778607382
27.4,2.0,6.8,2.4,5425.0,110.20281379809732
26.0,5.6,7.0,1.2,1650.0,45.939102811833486
27.4,7.1,7.0,0.6,625.0,18.150847007998546
26.5,6.1,7.0,0.8,1150.0,33.42064711728262
28.4,6.0,7.0,1.1,370.0,37.98520215427342
28.8,6.5,7.5,0.8,585.0,32.83878769630644
26.7,1.5,6.6,3.6,2978.0,135.6256483563162
26.4,2.0,6.8,2.4,1275.0,105.9633855840152
26.5,7.2,7.1,0.6,687.0,19.39590090123189
25.5,4.0,7.5,1.1,1588.0,66.30867600084372
28.0,7.2,7.3,0.9,610.0,24.968638338507823
28.0,0.8,7.1,11.9,11000.0,288.7978298386063
27.9,6.4,6.5,1.3,960.0,43.55564050526173
28.1,6.3,6.8,1.2,208.0,38.753930498492366
28.6,5.4,6.6,1.6,775.0,58.45460438993578
25.3,5.8,7.8,1.0,1650.0,50.38426360512758
28.3,6.6,7.2,1.1,1412.0,34.17879756390548
26.1,7.7,7.2,1.0,148.0,22.39826232767949
24.3,7.1,7.0,0.4,218.0,17.841230594106776
26.0,7.3,7.2,0.6,465.0,20.017694112028344
28.5,7.8,7.1,0.7,1725.0,12.176123071651265
26.6,7.3,7.1,1.3,913.0,30.274786328468803
26.8,7.0,6.6,1.5,1000.0,40.279782797259664
28.0,6.0,7.2,0.7,1390.0,34.46133257810962
26.2,6.8,6.6,0.5,2025.0,26.609703171500772
28.5,5.6,7.1,0.6,675.0,35.46632399154432
26.5,7.0,7.0,1.1,1725.0,29.4438583950593
29.3,6.7,6.9,0.5,465.0,19.91545983831051
29.3,6.2,7.2,0.8,1303.0,32.833266944689775
27.0,7.3,7.2,0.8,985.0,22.505670086067383
27.3,7.6,7.2,0.6,1163.0,15.542376303052947
27.9,6.4,6.8,0.5,575.0,26.099607171928394
27.8,7.0,6.6,0.6,578.0,23.55541930594394
27.8,6.7,6.8,1.2,625.0,34.759133743385675
28.3,6.7,6.6,0.9,838.0,31.669273244982904
27.5,5.6,6.9,1.5,1925.0,51.92165940147292
26.3,7.4,7.0,0.9,1196.0,21.773946336414323
27.0,6.7,6.9,1.0,2750.0,32.25876049839762
27.4,7.1,7.3,1.5,1775.0,37.78284700799854
27.0,6.2,6.8,1.6,2725.0,49.03525250867284
27.4,5.2,6.8,1.8,2650.0,63.107890191237956
27.3,6.8,6.9,1.1,1258.0,31.653307184164856
27.0,6.8,6.9,0.9,198.0,27.89872209634258
27.8,6.2,6.6,0.7,1630.0,34.888635583566355
28.4,4.5,6.5,1.1,2675.0,62.80976558952996
28.8,4.0,7.0,0.9,233.0,57.93873486912905
28.8,7.0,7.4,1.0,660.0,29.162650261741923
25.9,6.5,6.8,0.5,1026.0,26.919731519501976
28.0,4.6,6.9,0.6,348.0,46.795013635422826
28.5,6.6,7.3,0.6,2210.0,27.164841755229297
28.8,7.1,7.0,1.0,1700.0,23.81718944149569
27.6,6.2,7.5,1.1,528.0,42.35573768043407
27.6,6.2,7.7,1.3,312.0,48.027817680434076
28.3,7.3,7.1,2.9,185.0,54.775880664780786
27.5,7.7,7.4,1.4,1255.0,30.209983973294786
30.5,6.5,7.3,1.0,420.0,31.926219600739028
29.5,6.9,7.4,1.0,409.0,29.293477811405747
22.3,7.5,8.0,1.9,6858.0,57.88563279018446
22.3,7.2,8.0,3.7,14725.0,95.95413205536232
25.0,7.0,7.6,1.6,2743.0,47.31693585750757
25.9,7.5,7.9,1.5,3542.0,43.73405919916996
25.9,7.1,7.7,2.3,6692.0,60.96636279396944
24.8,7.4,8.0,1.7,6617.0,52.565451809492586
27.5,8.1,8.0,2.3,4569.0,50.368881352054515
28.0,7.8,8.0,2.1,739.0,47.07107121870693
25.0,7.4,8.0,1.5,2872.0,46.610904362342424
25.8,7.2,8.0,1.4,1850.0,45.348768688762846
26.8,6.5,8.1,1.0,468.0,45.17608043127808
31.0,3.0,8.1,1.8965,468.0,103.3137501897097
32.0,6.9,8.2,1.8965,468.0,50.40675813233467
31.0,6.0,8.0,1.8965,468.0,61.75219407181181
28.0,4.8,7.7,1.8965,468.0,73.87056181771142
28.4,6.3,7.6,1.8,2020.0,54.6501094672221
24.0,7.4,7.6,1.2,468.0,36.32555083496938
27.0,6.9,7.8,3.4,468.0,77.9409903609542
24.8,5.8,7.2,8.5,4838.0,172.97097504760865
24.0,5.6,7.4,15.3,41500.0,315.96468104207565
25.0,5.4,7.3,10.0,8975.0,206.07548850483482
23.3,5.7,7.3,14.3,52500.0,303.8557953258399
25.8,5.7,7.5,24.0,17625.0,448.8798809464245
25.8,3.5,7.4,20.0,14500.0,399.9392789243283
25.8,3.2,7.6,27.3,40250.0,545.564734709194
26.0,4.7,7.3,32.8,42875.0,622.0301152607498
26.0,4.8,7.4,16.0,8025.0,314.7221323960555
24.4,5.3,7.5,18.3,63500.0,384.5792144180596
23.4,5.6,7.5,34.5,60000.0,655.5145279912936
24.3,5.4,7.4,22.0,35000.0,427.7437912242743
17.7,6.1,6.8,14.7,468.0,275.86920230343503
17.0,6.1,6.8,14.7,468.0,276.1050129123108
17.3,6.0,7.0,15.3,468.0,284.4907549326307
28.0,4.8,7.9,3.2,62.0,98.20273348437807
32.0,5.0,7.3,2.8,20.0,81.89306666666666
21.4,8.3,7.6,1.0,16.0,27.85866494492447
22.3,8.2,7.7,1.2,20.0,32.154834504769454
18.3,3.1,7.8,195.4,468.0,3379.0733804397914
22.8,8.3,7.6,1.2,20.0,29.42475287847328
21.8,5.5,7.6,7.6,166.0,163.09852632145797
26.9,5.1,7.8,1.7,23.0,68.11270263765253
27.3,5.3,7.8,1.7,468.0,66.17977341958303
19.0,8.7,7.1,4.9,10.0,88.10861807707988
26.0,5.1,7.2,1.0,10.0,49.033217135305584
19.0,10.0,7.4,0.6,5.0,9.012511815873712
21.8,5.9,7.0,1.6,74.0,50.398238045290995
22.3,6.1,7.3,1.4,63.0,48.706209361014494
22.3,5.6,7.1,1.4,175.0,50.64124813631094
22.3,4.7,7.0,1.9,42.0,65.54866593184452
23.0,5.5,8.6,4.5,113.0,122.08402385548646
23.0,6.8,6.8,1.5,23.0,42.68739654641801
23.0,7.0,7.4,1.0,5.0,34.80562208861261
23.0,7.3,7.8,1.2,10.0,40.36996706857115
22.0,5.5,7.3,1.2,75.0,50.492116801745276
22.3,4.7,7.4,1.6,140.0,65.30975926517787
27.0,4.9,7.0,1.2,10.0,52.13233173538837
30.0,5.8,7.8,6.2,95.0,135.65883641331345
23.0,5.8,7.4,1.0,37.0,45.415148835445045
23.0,6.2,6.9,2.1,8.0,56.98160658650089
22.7,5.5,7.7,1.2,202.0,55.23473298645661
23.0,5.1,6.9,2.3,33.0,70.10765277109729
23.5,5.2,7.1,2.8,20.0,77.68269110864763
23.0,4.6,7.0,2.8,18.0,81.81772224894415
23.5,5.6,6.6,1.9,23.0,62.358133325942916
23.0,1.9,6.8,15.3,1075.0,321.4108574293171
23.0,2.5,7.1,16.7,682.0,338.4943540559009
22.5,5.5,6.9,2.8,10.0,75.17539908422155
23.0,6.0,7.0,4.2,10.0,93.28146104430631
22.5,4.9,6.9,3.6,25.0,93.96859351648902
20.0,4.8,7.0,2.8,468.0,80.10085781806647
22.7,5.4,7.2,1.1,78.0,48.31948772249862
26.0,6.0,7.5,1.1,10.0,45.138038019722465
19.0,5.6,7.1,4.4,15.0,102.31765608457151
22.5,5.7,6.9,2.3,53.0,64.97020538457683
18.9,9.9,7.1,1.0,35.0,13.129608563582803
21.0,6.1,7.6,4.5,25.0,105.59254136968923
22.5,5.1,6.9,2.5,10.0,73.51743981684432
23.0,3.8,7.0,3.0,23.0,92.28394674683243
24.4,7.8,7.2,1.9,359.0,39.15069234633438
21.8,6.5,3.1,6.1,47.0,168.80562563104056
20.8,7.3,7.0,2.2,2633.0,51.39451294081545
25.2,7.8,7.1,1.9,409.0,36.91747825525353
24.0,7.7,7.1,7.0,461.0,126.23338468934055
23.4,8.1,7.1,1.0,12.0,20.97022351057255
23.4,8.0,7.0,1.1,18.0,22.373799956468062
23.2,6.9,7.2,1.1,37.0,34.84600539296608
23.3,6.8,7.1,1.3,29.0,37.85702512358828
28.4,6.6,7.8,1.8,340.0,52.5334167801708
28.6,6.3,8.0,3.4,528.0,85.59169926729129
28.5,6.6,7.9,4.4,648.0,98.06773508856264
29.9,5.6,7.5,25.0,5.0,454.49219508774013
29.9,3.7,7.5,13.5,468.0,283.04100953211855
29.8,4.7,7.6,21.5,468.0,407.7469263262635
30.2,5.8,7.8,1.8965,468.0,62.540254698419155
29.7,6.6,7.7,1.8965,350.0,51.587313321800806
30.1,6.6,7.4,1.8965,468.0,47.59146221889091
30.3,6.2,7.8,1.8965,468.0,57.318575268352646
29.8,5.8,7.7,1.8965,4.0,61.28610035218616
26.0,5.1,8.1,3.7,7500.0,110.43401713530558
27.0,7.1,8.0,2.0,15000.0,63.37790022351079
27.0,6.8,8.2,3.1,23000.0,92.68729542967591
29.3,8.1,7.6,8.6,108.0,146.4784279404486
28.4,6.2,7.8,2.7,6581.0,76.35484925179475
32.0,6.7,7.2,46.0,330.0,791.6657399955976
28.3,3.2,7.7,6.3,9575.0,172.93443107393966
29.3,6.6,6.5,1.8,53.0,47.805402592919705
28.8,6.6,6.6,1.5,98.0,42.06225354272688
29.0,6.3,6.6,1.8,140.0,50.57655023371134
28.8,6.4,6.4,2.0,153.0,55.37720851655267
27.3,6.9,6.2,1.7,117.0,48.472091657359194
28.3,7.2,6.1,2.6,123.0,60.39608498370337
29.0,6.9,6.6,1.9,173.0,45.109946239014
27.6,7.0,6.3,1.6,139.0,44.14114280072345
28.8,7.6,6.2,1.1,160.0,28.2500853402645
28.3,7.1,6.2,1.4,141.0,39.938889302625945
27.8,6.8,6.0,1.9,136.0,54.85587337534954
28.5,7.1,6.2,1.4,119.0,39.66049730373845
28.1,6.3,6.2,1.5,157.0,51.035310498492365
29.0,6.2,7.0,1.8,173.0,46.98979867727199
29.5,6.2,6.8,1.7,145.0,47.26430914404574
30.2,6.9,6.5,1.4,107.0,36.15247428374549
28.3,6.7,6.2,0.9,187.0,36.07098657831624
28.7,6.8,7.9,3.5,517.0,80.10929336857376
26.0,7.0,7.7,3.2,17.0,73.05688270611161
27.0,6.9,7.3,3.4,468.0,71.93432369428754
27.0,7.4,7.2,3.0,468.0,58.54566501734567
24.0,7.0,7.4,4.0,350.0,85.20015902914115
32.1,5.5,8.1,8.4,69.0,179.62316458906986
30.3,6.9,7.5,3.6,582.0,73.740603758225
30.1,6.4,7.4,37.8,728.0,661.2613213165293
28.8,5.2,7.9,9.5,253.0,200.8873383595075
28.7,6.9,7.4,3.5,659.0,73.01224559275379
29.0,3.4,7.4,31.5,1767.0,591.7258217636373
28.5,7.4,8.1,2.2,75.0,53.35379596617727
27.7,6.7,7.4,3.7,820.0,79.92562054192595
28.6,6.6,7.5,3.9,381.0,84.4863042264098
27.1,6.1,7.3,5.1,212.0,109.25117551614397
27.1,6.6,7.4,3.6,361.0,79.61113226590642
27.0,6.5,7.3,3.8,261.0,82.91717730250771
26.8,6.7,7.3,3.4,318.0,74.18235871100404
26.8,6.6,7.4,3.7,217.0,81.49109957114106
26.4,6.8,7.7,3.6,109.0,81.58678198292422
22.1,6.3,7.5,2.9,101.0,75.05424039066739
22.3,7.1,7.4,2.2,80.0,54.994885143754956
22.0,6.7,7.5,2.5,113.0,64.93989045926727
22.0,6.6,7.5,2.4,113.0,64.07990043225156
22.0,6.7,7.8,2.4,90.0,66.82796379260063
28.2,7.1,7.7,3.1,92.0,67.7661307949181
28.2,7.1,7.9,3.1,86.0,70.16507746158477
28.3,7.1,7.8,3.3,83.0,72.23459596929261
27.0,7.2,7.5,4.0,468.0,81.31859515478908
26.3,6.4,7.7,3.6,592.0,86.13403869624169
26.1,7.0,7.7,3.4,359.0,76.56833481062677
26.0,6.6,7.6,3.4,243.0,79.48826749822261
27.0,7.5,8.2,3.5,468.0,77.99119994862396
27.6,6.9,7.5,2.2,71.0,53.016867994020615
27.6,6.8,7.7,2.3,74.0,58.23361318731777
27.3,7.0,7.7,2.1,64.0,52.951436130553546
27.4,5.2,6.6,1.5,4613.0,61.62261685790462
27.3,7.2,6.8,1.1,3483.0,29.861625076942232
26.0,7.0,7.1,0.5,617.0,20.2758827061116
26.2,7.0,7.1,0.6,455.0,21.668473894260103
27.5,7.2,7.0,0.6,522.0,16.860335583178472
28.1,6.7,6.9,1.2,2193.0,34.220929113413085
28.2,6.5,6.5,1.1,3080.0,40.06323628208436
27.6,0.6,7.0,14.1,17500.0,330.2792818384084
28.0,6.6,6.8,0.9,913.0,30.762045458308727
24.3,6.8,7.3,0.6,935.0,28.111760509234376
25.8,7.3,7.4,0.6,430.0,22.634994538252077
27.8,6.5,6.7,1.2,4823.0,40.808054479457944
26.3,7.2,6.5,0.9,1825.0,30.246640808379794
28.5,7.4,6.9,0.9,1455.0,20.074395966177267
29.3,6.5,6.5,1.0,900.0,35.93559201419556
27.6,6.6,6.9,0.9,650.0,29.78050357391209
28.1,7.1,7.0,1.0,1485.0,24.614934395000493
27.8,7.5,6.8,1.3,540.0,27.42879079909659
28.1,5.4,6.7,0.9,810.0,45.48883194825406
26.6,7.0,6.9,0.7,900.0,23.219022894320695
27.8,7.1,6.9,0.6,583.0,18.832105604574465
29.3,6.5,6.7,0.9,800.0,31.76925868086222
28.0,6.7,6.6,0.8,900.0,30.320505382786354
23.8,7.1,6.8,0.6,198.0,24.108018683624646
26.3,6.9,7.1,0.5,373.0,20.848472516328002
27.9,6.7,6.8,1.0,250.0,31.021177756389243
28.4,6.2,7.0,1.4,1600.0,41.53429591846143
27.1,7.5,7.3,0.8,2225.0,22.183050415478768
28.5,7.6,7.3,1.0,2180.0,22.297059518914278
28.1,2.2,6.4,2.3,6505.0,112.9460096955549
26.4,7.4,6.7,0.7,1088.0,21.78005153278783
27.1,7.0,6.8,0.7,640.0,23.70610699904968
26.9,5.3,6.9,1.3,685.0,51.166027912957645
28.6,6.3,7.0,0.7,535.0,27.637705933957964
27.9,6.7,7.0,0.5,433.0,20.22363775638924
28.4,6.0,6.4,1.4,303.0,50.256662154273414
29.0,4.2,6.6,1.7,385.0,74.18734088181866
28.8,5.1,6.7,1.9,713.0,65.82279917975376
27.8,5.3,6.4,1.1,788.0,53.677652229224925
28.5,6.9,7.0,0.9,803.0,24.296747084334783
26.0,2.8,7.4,1.6,2300.0,86.57895635661059
26.5,5.3,7.2,0.9,2650.0,46.84457042592557
28.4,6.5,5.8,0.4,520.0,34.7862698980768
28.1,6.9,6.1,0.6,183.0,30.094211754206793
26.8,7.0,6.6,0.8,418.0,28.007276130593006
28.6,5.6,6.4,1.0,278.0,47.99518325157034
28.1,6.8,6.0,0.5,910.0,31.185210433809942
29.0,6.0,5.9,1.0,195.0,49.001015564393335
28.8,6.3,7.0,1.4,1400.0,39.91727600346558
28.0,6.5,7.6,1.1,354.0,39.75861220049776
27.4,6.4,7.7,1.1,357.0,42.594571338665695
28.8,7.3,7.3,4.2,185.0,78.5653678010032
30.8,6.8,7.8,1.9,460.0,48.931747597302774
28.0,7.5,8.1,2.1,5850.0,54.84466477860738
27.3,7.7,8.1,1.6,4450.0,44.31585410958061
29.0,7.6,7.9,1.4,1985.0,35.34486713408935
24.5,7.5,7.9,1.8,2425.0,49.855978027277956
24.8,7.4,7.7,1.9,2675.0,49.92074514282592
25.3,6.7,6.9,1.2,1823.0,36.60244516089609
26.8,7.1,7.9,1.4,2098.0,44.20051527045598
29.0,6.7,7.9,1.1,1510.0,40.72846312613534
29.0,7.4,8.8,2.0,468.0,57.822570687877345
28.0,6.4,8.3,2.0,468.0,64.68810560935347
28.0,6.9,8.8,4.0,468.0,99.05570523174161
28.0,6.3,6.6,1.8965,468.0,53.24936068487584
24.8,7.4,7.0,1.6,118.0,34.821071809492594
27.2,7.2,6.8,1.8,148.0,39.83125725165717
27.3,6.6,7.0,2.5,374.0,55.913484904442825
28.4,6.9,7.0,1.9,157.0,41.03319742645283
26.8,7.0,6.9,1.7,144.0,39.54839613059299
25.2,7.2,6.9,1.5,128.0,35.82925624817539
28.4,6.9,7.2,2.3,196.0,50.26671075978616
28.2,6.4,7.6,3.3,379.0,78.17337386327871
24.0,7.6,6.6,2.0,140.0,45.48097340455017
29.0,6.9,7.2,1.9,170.0,42.70541957234734
25.0,6.8,6.7,2.1,500.0,52.77544827175683
25.0,6.6,6.9,2.3,280.0,55.5845540193394
15.0,6.5,7.6,18.0,468.0,335.24691814936375
23.5,6.1,7.8,16.0,468.0,302.85509443089535
27.0,6.5,8.4,2.7,468.0,77.54185063584104
15.0,6.9,7.8,18.0,468.0,335.2012536558608
20.3,5.6,6.7,10.8,7500.0,217.9979330908229
20.0,4.9,6.8,26.5,46250.0,513.4163489090332
20.0,4.9,6.6,13.1,9500.0,265.01068224236656
19.8,5.2,6.7,28.0,57500.0,544.8306558429748
32.7,3.3,7.9,1.3,12.0,89.04513992169632
34.5,4.9,8.0,1.2,8.0,64.7697870856974
19.8,5.0,6.9,25.5,48750.0,495.9813333333333
27.0,4.8,7.8,534.5,5000.0,9140.901263470776
20.5,4.7,6.7,25.3,47500.0,496.56032510848837
20.5,5.4,6.8,15.4,21750.0,305.43478874423766
20.5,5.1,7.6,26.5,49250.0,518.5297805193927
21.0,4.2,7.6,31.8,46500.0,614.2241517311352
20.3,4.8,6.6,15.0,10500.0,298.7506889697257
20.0,4.5,6.6,30.3,42750.0,581.3804112118328
20.0,4.7,6.7,26.8,31500.0,512.1117133937663
21.3,5.2,7.3,0.9,9.0,47.92546969428518
22.1,7.8,8.2,1.2,32.0,41.807791610668225
22.33,6.7,8.12,1.53,29.0,55.60574548639452
21.5,8.0,8.1,0.8,25.0,32.8078066784378
24.0,4.88,7.94,2.65,165.0,88.23013045825154
22.0,5.67,7.02,1.67,22.0,53.66250651433868
24.0,6.0,6.9,2.23,91.0,60.57549951457058
23.0,6.15,7.45,2.0,222.0,60.05852353428557
23.0,2.7,7.35,8.45,636.0,199.31671959809546
24.0,2.98,7.52,5.53,531.0,150.01234938056743
24.0,5.48,7.42,2.08,136.0,66.71006483366054
23.0,5.13,7.46,2.23,211.0,73.0869039357598
25.0,7.85,7.13,6.68,488.0,118.45166976361496
24.0,6.58,6.5,5.93,60.0,122.9528156330215
20.0,7.58,7.03,2.08,2900.0,48.39406481360912
24.0,8.23,7.05,1.4,323.0,25.346331832062962
25.0,8.23,7.38,1.55,360.0,30.38494884320807
22.0,6.6,7.3,1.3,242.0,43.03888043225157
22.0,6.8,7.2,1.5,97.0,43.46762715294968
23.0,6.8,7.0,1.5,45.0,40.29836987975134
23.0,6.4,6.7,1.4,205.0,45.829798795362144
28.0,6.5,7.7,1.6,390.0,49.49059886716443
28.0,6.2,7.7,3.5,592.0,85.35094576039822
29.0,6.3,8.0,4.2,686.0,98.96307023371133
28.0,7.3,7.4,0.7,12.0,21.261398262985463
29.0,6.5,7.5,16.4,37.0,297.7611133465899
30.0,6.1,7.3,12.5,902.0,233.55348590163933
30.0,6.3,7.4,136.0,698.0,2333.6506566716344
30.0,5.9,7.5,56.5,1800.0,987.7822617983107
30.0,6.6,7.8,1.8965,1800.0,53.340647826626935
30.0,6.2,7.4,8.0,1075.0,157.0190712866369
30.0,6.7,7.7,4.0,947.0,86.13700487829112
33.0,6.8,8.0,21.0,1800.0,373.5881038900205
30.0,5.9,7.4,12.0,607.0,228.59960179831097
28.0,7.3,7.4,0.7,12.0,21.261398262985463
30.0,5.7,8.0,7.4,28666.0,177.46353102831594
30.0,4.7,8.3,3.7,21333.0,126.23948384500744
28.0,5.8,7.8,3.0,25000.0,97.7148260624877
30.0,2.5,7.5,6.0,85.0,170.48956537506209
30.0,6.1,8.1,3.2,23625.0,98.99741256830602
30.0,0.6,7.1,36.5,15425.0,718.2955163934425
27.0,3.2,7.8,5.8,1366.0,159.15462457032407
30.0,4.2,8.2,6.7,21500.0,182.53173025335317
28.0,2.9,8.3,5.6,148.0,165.45650825263644
29.0,5.0,7.7,3.1,114.0,91.86167999999999
31.0,7.2,6.3,1.6,17.0,36.679043291319324
29.0,5.5,7.8,1.3,5.0,56.374824448863336
30.0,6.2,6.9,1.3,17.0,38.747444619970196
29.0,6.5,6.8,2.3,8.0,54.20413334659
24.0,8.1,7.7,2.6,130.0,54.65906316183546
27.0,7.8,6.4,2.3,70.0,46.88804474245883
27.0,7.8,6.4,2.0,17.0,41.750184742458835
28.0,7.2,6.5,1.6,46.0,38.93329167184116
27.0,4.2,7.6,0.7,8.0,58.36368054977366
26.0,6.5,6.4,1.6,13.0,49.73798369625037
28.0,7.4,6.9,2.0,10.0,38.643344854129744
28.0,5.4,7.0,1.7,48.0,55.05017303124385
27.0,6.6,7.2,1.9,175.0,48.25472556711934
29.0,5.1,7.5,2.3,1754.0,75.664358223106
29.0,7.3,6.8,2.5,162.0,48.117972464771334
28.0,7.2,6.9,2.2,206.0,44.43715833850782
28.0,7.0,6.8,3.0,126.0,61.471185156219235
28.0,5.5,7.7,7.6,800.0,163.18959962238816
29.0,6.9,7.6,3.8,309.0,79.92859957234732
29.0,6.9,7.7,3.9,280.0,82.81361957234733
28.0,6.7,8.0,3.6,143.0,84.70583204945302
26.0,6.9,7.3,3.8,257.0,79.63266557080601
29.0,6.8,7.5,3.8,199.0,79.85718801590801
29.0,6.9,7.3,2.2,56.0,48.94107290568067
34.0,3.3,7.6,19.4,1536.0,396.7914520885093
32.0,5.4,7.2,11.7,512.0,226.7184729401406
22.0,6.2,7.2,2.5,127.0,65.552953657522
26.0,7.0,7.4,3.8,375.0,79.8848427061116
35.0,6.6,8.1,3.9,345.0,82.13652896158308
28.0,8.1,6.3,1.1,690.0,23.01658432547316
27.0,6.9,6.8,0.8,1487.0,27.12143702762088
27.0,6.9,6.9,0.5,703.0,20.32902369428754
26.0,6.7,6.9,0.6,715.0,25.105257966861522
27.0,7.3,7.0,0.7,445.0,18.066536752734045
28.0,6.7,6.7,1.3,1025.0,37.70500538278635
29.0,6.5,6.6,1.2,679.0,38.30448667992334
26.0,0.7,6.6,12.5,59417.0,328.94180318186
27.0,6.9,6.5,1.0,1083.0,33.87829036095422
28.0,6.4,6.6,1.0,603.0,36.9431389426868
26.0,7.2,6.7,0.8,1400.0,26.224376976722755
29.0,6.8,7.1,1.5,485.0,36.09084134924134
28.0,6.1,6.7,0.9,1113.0,37.75977916925392
27.0,6.8,7.0,0.6,434.0,21.738708763009253
28.0,7.1,7.0,0.8,890.0,20.97105174736354
27.0,7.4,6.6,0.7,1425.0,22.403338350679004
26.0,6.4,7.0,0.8,493.0,30.236566560944784
26.0,7.2,6.7,0.9,2150.0,28.39104364338942
27.0,6.2,7.0,0.6,505.0,28.239519175339503
29.0,6.1,6.7,1.4,1450.0,45.776993787499336
28.0,6.6,6.5,0.8,650.0,32.501318791642056
26.0,6.9,6.7,0.3,180.0,20.026592237472684
27.0,7.3,6.5,0.5,400.0,20.64197008606738
28.0,6.2,6.6,1.0,360.0,39.06143909373154
29.0,5.2,7.1,1.0,918.0,47.020916446212
28.0,7.4,7.0,1.1,1933.0,23.319271520796416
28.0,7.6,6.7,1.1,963.0,24.052911369751676
28.0,2.9,6.3,2.0,913.0,97.46280825263645
26.0,6.6,6.7,0.7,1655.0,30.814707498222617
26.0,6.4,6.7,0.7,1630.0,32.84383989427811
26.0,5.4,6.6,0.9,1913.0,47.84712854122232
27.0,6.2,7.0,0.9,289.0,33.2105991753395
27.0,6.9,7.1,0.5,246.0,20.045683694287536
28.0,6.7,6.5,0.9,500.0,32.97550538278635
28.0,5.7,6.7,1.9,473.0,58.91756613801005
28.0,6.0,6.9,1.8,500.0,51.426532578109615
28.0,5.2,6.1,1.1,820.0,58.3997731822886
28.0,7.4,6.4,1.2,720.0,31.476878187463075
27.0,3.5,7.3,1.3,1290.0,73.2974426974923
27.0,6.0,7.1,1.1,1465.0,40.69664931278292
28.0,6.4,6.1,0.7,425.0,37.734445609353465
27.0,6.6,6.3,1.0,385.0,39.07659223378601
27.0,7.1,6.4,0.9,275.0,30.724733556844125
28.0,6.4,7.1,0.8,195.0,29.682845609353457
28.0,7.3,6.2,0.9,340.0,29.67342492965212
29.0,6.8,6.5,0.8,100.0,28.74580801590801
28.0,6.4,6.7,2.2,1055.0,56.442045609353464
27.0,5.8,6.5,1.5,2788.0,55.28117278355967
28.0,5.2,7.2,1.2,2275.0,52.59420651562192
27.0,7.7,6.8,0.9,2257.0,20.691449811180544
28.0,5.7,7.2,1.4,2785.0,50.64133947134339
25.0,6.7,6.3,1.2,2807.0,44.66854114554812
28.0,6.4,6.4,1.2,303.0,42.56313894268679
27.0,6.2,7.6,0.4,1400.0,32.59908584200617
27.0,6.8,7.5,0.4,918.0,24.642122096342593
27.0,7.1,7.6,0.5,1675.0,24.78606689017746
28.0,5.9,6.7,1.7,428.0,53.21737265363198
28.0,5.8,6.5,1.5,876.0,53.6289460624877
29.0,4.7,6.6,1.8,1083.0,70.33115866401533
28.0,6.5,6.6,1.2,689.0,39.26531220049777
28.0,1.4,6.2,2.2,882.0,119.0654560521387
28.0,1.5,6.3,1.5,1225.0,105.03063597661634
28.0,7.0,7.5,1.1,83.0,32.71685848955257
30.0,7.7,8.1,1.9,3025.0,43.81561872826628
30.0,7.5,7.9,1.3,868.0,32.401627958271256
28.0,7.2,8.2,1.7,4275.0,51.66627167184115
28.0,7.6,8.1,1.5,4175.0,42.46168470308501
28.0,7.3,8.0,1.3,2175.0,40.02045826298546
27.0,7.4,8.0,1.9,5975.0,52.852338350679
27.0,7.2,7.7,2.0,2750.0,51.10276848812242
29.0,7.2,7.8,1.3,690.0,36.431454241665335
28.0,7.0,8.1,1.0,1525.0,39.117231822885906
29.0,7.4,8.1,1.7,1105.0,44.703177354543996
33.0,7.7,7.8,4.0,468.0,67.31564916836409
33.0,7.1,7.6,3.0,468.0,57.070058982801704
33.0,6.8,7.4,7.0,468.0,127.32093055668717
28.0,5.1,8.4,3.0,468.0,97.6543465911443
21.0,7.6,7.9,2.6,468.0,65.09050020714429
24.0,7.4,6.8,1.3,208.0,33.06068416830272
28.0,7.5,6.7,1.3,176.0,28.10278477860738
28.0,6.9,6.8,2.4,357.0,52.5388852317416
30.0,7.0,7.0,1.5,191.0,30.913261033283668
27.0,7.2,6.7,1.6,167.0,37.88930848812242
26.0,7.4,6.7,1.6,150.0,37.018077914000585
29.0,7.5,7.2,2.1,338.0,39.024182244316684
26.0,6.7,7.4,2.0,253.0,52.24615130019486
27.0,7.0,7.2,9.5,189.0,173.28554529223248
28.0,6.4,7.0,1.0,507.0,32.078285609353465
29.0,6.6,7.1,1.5,544.0,38.523664903029335
28.0,6.5,7.9,0.9,32.0,39.75963886716443
22.0,6.0,7.3,6.0,4950.0,130.98623360349055
21.0,4.9,7.4,14.0,75000.0,320.97193563305854
22.0,6.4,7.1,8.5,468.0,164.97968704488676
20.0,5.6,8.1,11.5,468.0,235.22439987913387
22.0,5.0,6.7,7.5,9000.0,167.439
21.0,5.6,7.3,14.0,70000.0,311.047719534982
20.0,5.7,7.4,9.5,25500.0,207.53455763676735
21.0,5.3,7.4,10.0,52500.0,235.7421931008243
21.0,4.8,7.4,19.0,75000.0,406.85853793278375
23.0,2.9,7.3,13.0,27500.0,291.0326184736234
21.0,4.5,7.2,10.5,12000.0,223.16401149862608
20.0,4.8,7.5,10.0,70000.0,251.73736448473312
24.0,3.1,7.6,11.5,75000.0,297.6225655889825
25.0,3.1,7.6,10.0,62500.0,265.2306379353678
28.0,1.9,8.4,354.0,468.0,6106.80770900786
28.0,7.0,7.8,2.5,468.0,60.382891822885895
16.0,7.2,6.2,8.0,468.0,162.58401907907276
22.0,5.475,7.82,6.9,249.0,154.05234929499136
23.0,4.8,7.3,0.8,7.0,49.616621124472076
23.0,7.6,7.5,1.5,153.0,39.312205381863045
23.0,8.4,7.4,1.4,36.0,29.276874217308084
23.0,9.0,7.8,1.3,77.0,27.11111751055853
25.0,8.7,7.4,1.5,132.0,25.062650336389037
25.0,1.9,7.3,9.9,525.0,233.16950575419654
25.0,7.7,7.3,10.4,603.0,185.32586574096857
25.0,7.9,7.6,1.3,115.0,31.830799993385988
26.0,8.0,7.6,2.5,85.0,49.76288072583406
25.0,7.4,7.6,1.8,148.0,45.22169102900909
23.0,8.3,7.7,2.0,75.0,43.997528112877454
18.0,9.6,7.1,4.4,460.0,74.78021575931548
19.0,8.8,7.2,0.9,205.0,20.631466313397347
24.0,7.4,7.8,0.9,295.0,33.515957501636045
24.0,7.5,7.8,1.2,56.0,37.54683545309312
26.0,8.1,7.8,1.3,33.0,30.690991194472986
26.0,7.9,7.5,1.8,90.0,37.675296923861815
28.0,6.6,7.7,1.3,322.0,43.20895879164206
29.0,6.3,7.6,2.8,577.0,70.26682356704467
28.0,5.7,7.8,3.4,608.0,90.53293280467672
21.0,6.4,7.025,3.175,2925.0,75.52598447051359
25.0,8.35,7.125,1.525,355.0,25.726128727991867
24.0,8.45,6.95,1.2,312.5,19.899415991935168
27.0,6.7,7.6,1.8965,468.0,52.10602883173095
25.0,7.2,7.8,0.28,50.0,23.643103443258337
25.0,4.9,7.4,9.7,29.0,201.48739954045791
27.0,5.1,7.8,2.73,137000.0,170.5600349312783
28.0,6.0,8.2,2.28,68650.0,115.06219924477625
30.0,6.1,8.1,1.9,38667.0,86.20178590163934
27.0,1.1,7.8,7.67,77.0,212.77537768014665
29.0,6.8,8.0,2.8,49061.0,99.14162801590801
25.0,4.5,7.6,7.43,259.0,169.2945110356231
25.0,6.0,7.3,5.58,31.0,119.48202459542046
30.0,0.0,7.1,46.0,9000.0,883.5783974167907
28.0,2.8,7.9,5.93,358000.0,389.26939499482546
29.0,5.6,8.0,2.13,1693.0,72.74976267196935
28.0,4.1,7.9,16.5,116.0,332.4992406797013
29.0,6.3,7.9,1.83,188.0,57.123476900378
30.0,6.6,7.8,2.25,13.0,58.2480994932936
28.0,6.8,7.1,1.65,33.0,39.50865197393064
27.0,6.5,7.5,4.55,44.0,97.94780396917436
28.0,7.1,8.0,1.25,7.0,40.094425080696865
26.0,7.6,7.3,0.95,350.0,24.036612184611748
26.0,7.4,7.0,2.45,809.0,48.28682458066725
27.0,7.0,7.3,1.5,42.0,38.2624052922325
29.0,5.4,7.3,1.8,2400.0,61.559512892423996
28.0,6.7,7.2,1.4,22.0,37.583478716119686
28.0,6.8,6.9,1.9,53.0,43.77521864059731
25.0,5.6,6.8,1.9,137.0,59.614756090585615
28.0,5.2,7.2,1.65,144.0,58.93048651562192
26.0,6.2,7.1,2.1,2400.0,56.78653895700029
31.0,3.6,7.0,2.0,170.0,83.60350396613012
30.0,6.8,7.2,2.6,110.0,54.5200569299553
28.0,8.1,7.1,3.2,5400.0,54.46378432547315
26.0,6.3,7.6,3.67,781.0,87.48327609230586
27.0,6.4,7.6,3.4,316.0,80.8247423712294
27.0,5.9,7.2,4.04,223.0,92.23307438150461
25.0,5.3,7.7,3.25,296.0,91.60976137862615
26.0,6.0,7.8,5.43,1050.0,123.06900468638912
22.0,6.6,7.2,4.5,737.0,96.59778043225157
22.0,6.8,7.2,3.9,1036.0,84.88980715294967
27.0,6.7,7.6,4.13,624.0,90.20947383173096
29.0,5.2,7.0,16.3,1008.0,306.23038311287866
21.0,6.9,6.6,1.96,104.0,53.59036963855415
32.0,0.7,7.3,45.6,1259.0,872.5358925601547
23.0,6.8,6.6,2.13,106.0,55.862023213084676
29.0,6.2,6.5,1.5,816.0,48.29012534393867
28.0,7.3,6.6,0.6,1056.0,20.207011596318797
28.0,6.4,6.7,1.0,1179.0,36.098925609353465
28.0,5.1,6.8,1.6,1680.0,60.16645325781097
28.0,6.8,6.7,1.3,1748.0,37.018785307263975
27.0,6.3,6.3,0.9,2865.0,42.14092077328446
28.0,7.2,6.7,1.1,753.0,28.46063167184116
27.0,6.8,6.9,0.4,508.0,19.58258876300925
27.0,6.8,7.0,0.4,427.0,18.331035429675925
29.0,7.7,7.2,1.0,452.0,17.980285357195342
29.0,7.1,6.8,1.5,681.0,33.819329351892684
29.0,6.6,6.3,1.2,935.0,40.869084903029346
26.0,1.8,6.8,5.5,31167.0,178.66199167022145
26.0,6.7,6.2,0.6,1100.0,33.75329130019486
26.0,5.8,6.3,1.1,1200.0,50.323137082444646
26.0,5.1,6.3,1.0,1600.0,56.02568380197225
26.0,6.6,6.2,0.6,925.0,34.66710749822262
27.0,6.6,6.4,0.7,975.0,33.13605890045267
27.0,6.7,6.4,0.5,1175.0,28.780593831730958
26.0,6.6,6.3,0.6,1010.0,33.518474164889284
27.0,5.9,6.4,0.7,985.0,40.67518104817129
27.0,7.6,6.7,0.7,1575.0,19.14274154656892
27.0,6.5,6.7,0.8,775.0,32.18585730250771
29.0,7.3,7.4,0.7,940.0,20.372999131438014
27.0,6.3,6.7,0.7,702.0,32.5911941066178
26.0,6.9,6.6,0.4,28.0,22.835352237472687
27.0,6.8,6.7,0.4,150.0,21.76329542967592
29.0,5.9,7.1,0.7,393.0,33.20356400795399
28.0,6.4,7.1,1.0,1865.0,34.121578942686796
28.0,7.3,6.7,0.9,920.0,24.026358262985454
28.0,7.6,6.6,0.5,503.0,14.759044703085017
30.0,2.4,6.7,2.1,660.0,103.34640665673122
27.0,7.1,6.8,1.2,1600.0,31.8459002235108
27.0,6.4,6.7,0.5,3200.0,29.660489037896077
27.0,3.5,6.9,0.7,800.0,60.38097603082563
28.0,7.4,7.3,0.8,920.0,21.190211520796414
28.0,6.8,6.9,0.9,470.0,27.017091973930643
27.0,5.5,6.5,1.9,2100.0,64.88967465639146
31.0,5.4,6.5,4.0,680.0,99.74357029539138
30.0,4.8,6.8,1.1,1090.0,54.96281589667164
28.0,5.8,6.3,0.7,1500.0,42.80515939582103
27.0,7.3,6.6,0.4,883.0,18.038430086067386
28.0,5.8,7.5,0.8,1000.0,41.79415939582103
28.0,6.2,6.7,0.5,1100.0,29.810572427064876
27.0,7.3,6.1,0.7,1050.0,29.25363675273405
27.0,7.6,6.3,0.5,2588.0,21.172801546568927
25.0,7.7,6.6,0.3,1300.0,15.091005740968571
28.0,5.4,5.9,0.8,1375.0,53.77257969791051
28.0,7.4,6.1,0.9,1050.0,30.180478187463084
28.0,6.6,5.9,0.7,1725.0,38.674152124975386
28.0,6.5,6.5,0.7,1850.0,32.678132200497764
27.0,7.2,5.9,0.8,1500.0,34.713101821455744
29.0,6.3,6.5,1.1,1550.0,40.74041690037801
27.0,7.6,6.6,0.6,3000.0,19.525908213235596
27.0,7.3,6.5,1.4,2850.0,37.475970086067385
27.0,7.5,7.0,0.8,2800.0,19.076039948623965
26.0,4.4,7.3,0.4,1090.0,47.85036385483318
27.0,6.8,7.0,0.4,560.0,18.413495429675926
29.0,1.7,6.2,3.0,2208.0,132.19764530416862
29.0,3.0,6.1,2.0,1240.0,100.20656887121332
28.0,6.9,7.8,0.89,5874.0,37.47225856507494
32.0,7.7,8.1,1.83,3175.0,38.29888901261595
32.0,6.8,7.8,1.65,775.0,43.02881489729953
28.0,7.5,8.2,2.5,4300.0,61.891664778607364
26.0,7.6,8.1,1.35,3200.0,42.22094551794508
26.0,7.0,7.6,0.25,468.0,21.9360027061116
25.0,7.6,6.6,1.15,180.0,29.833191948093194
27.0,6.8,6.6,1.88,253.0,48.21315542967593
28.0,6.8,6.7,2.14,402.0,50.478265307263975
28.0,6.9,7.1,1.78,200.0,40.689878565074935
27.0,7.3,6.6,1.27,150.0,32.388470086067386
26.0,7.4,6.7,1.03,173.0,27.33283791400058
28.0,7.2,7.2,2.28,415.0,47.12940500517448
27.0,6.8,7.6,2.25,699.0,57.188508763009246
26.0,6.9,7.3,4.33,858.0,89.02411890413934
29.0,7.0,7.3,1.0,707.0,27.72657112878667
31.0,7.0,7.3,1.0,81.0,24.394071476956956
30.0,7.7,8.1,1.1,10.0,28.332985394932948
23.0,8.0,8.2,0.5,26.0,27.096236466252222
24.0,3.8,7.8,155.6,468.0,2699.435464582515
23.0,4.9,7.8,3.5,375.0,100.91397389556936
20.0,5.9,7.2,5.4,21000.0,131.03952648536753
21.0,5.3,7.4,27.0,217500.0,627.3255264341576
30.0,6.7,6.9,17.1,468.0,301.5503582116245
30.0,6.2,7.0,22.3,468.0,395.17573128663685
21.0,5.7,7.3,10.7,45500.0,238.8994505685901
21.0,5.0,7.2,26.1,135000.0,560.8676666666667
20.0,5.0,7.3,7.4,90000.0,215.95733333333334
20.0,5.1,7.2,13.5,122500.0,337.9406510909667
21.0,4.5,7.2,23.8,232500.0,586.1956781652927
21.0,4.4,7.2,18.1,70000.0,389.25394713168464
20.0,4.5,7.4,22.7,78333.0,474.11520454516614
21.0,5.2,7.5,28.5,155000.0,616.1051287338829
21.0,5.5,7.6,27.8,392500.0,750.2349885013739
21.0,5.6,7.6,25.8,712500.0,913.7983862016487
25.0,6.4,7.9,4.1,468.0,97.88661976692195
31.0,6.8,7.0,25.3,468.0,437.22569299592794
21.0,5.4,7.8,1.7,6.0,65.95964413443245
27.0,7.9,6.7,1.2,135.0,23.52987967373712
26.0,6.2,7.3,1.8,113.0,52.66626562366695
27.0,8.2,7.6,1.9,135.0,35.81715113423867
28.0,6.6,7.4,1.2,91.0,37.760072124975395
26.0,7.9,7.8,0.8,73.0,24.25209025719515
29.0,9.0,8.0,1.8,155.0,25.444562257573345
28.0,6.7,8.0,1.8965,468.0,55.91944038278635
30.0,9.6,7.6,1.8965,30.0,11.800342709885765
27.0,3.2,6.8,26.0,633.0,495.22883123699074
28.0,5.5,7.5,24.0,383.0,439.6017262890548
19.0,5.0,3.2,7.0,33.0,195.41779333333335
26.0,7.0,7.8,0.65,3.0,30.857036039444935
26.0,7.2,7.8,0.93,3.0,33.577070310056094
25.0,6.6,8.0,0.98,6.0,43.7646740193394
25.0,6.7,7.9,1.03,8.0,42.442994478881445
28.0,6.1,7.7,1.36,350.0,49.91971916925392
29.0,5.4,7.3,2.67,510.0,75.19221289242398
28.0,5.8,7.8,2.93,588.0,81.38821939582103
27.0,6.7,7.6,1.8965,468.0,52.10602883173095
25.0,7.0,7.7,0.4,42.0,26.423649190840916
25.0,4.8,7.5,8.8,65.0,188.36847241424925
27.0,4.9,7.7,3.6,32750.0,121.6804650687217
28.0,6.4,8.0,2.4,22825.0,81.75211227602013
29.0,6.7,7.9,2.9,21000.0,83.44226312613533
28.0,5.7,7.6,4.2,57.0,101.4019794713434
30.0,6.2,8.0,3.1,16500.0,90.40890461997019
26.0,4.8,7.6,10.4,148.0,216.94772572938882
27.0,6.2,7.4,3.6,41.0,83.80717250867283
27.0,6.7,7.5,359.0,14.0,6127.334440498397
27.0,4.2,7.8,4.0,50250.0,148.07138721644034
30.0,6.8,7.5,2.5,1114.0,57.04487026328863
29.0,6.5,6.9,1.5,1331.0,40.209726679923335
29.0,6.5,7.1,1.6,2056.0,42.360893346590004
29.0,6.4,7.7,2.3,1287.0,62.201901790150664
27.0,7.2,7.2,1.6,2887.0,38.37437515478909
28.0,7.2,6.8,2.1,10403.0,50.258965005174495
28.0,7.4,7.1,1.4,1010.0,29.053344854129744
28.0,7.2,6.9,1.3,1938.0,30.195998338507824
29.0,7.4,7.0,2.0,1451.0,36.808030687877334
28.0,6.3,6.6,1.6,3293.0,49.95541901820918
26.0,6.4,7.3,4.0,753.0,88.4550998942781
27.0,6.7,7.4,3.9,644.0,83.90537383173097
28.0,6.6,7.5,3.7,169.0,81.55143212497539
28.0,5.7,7.2,5.3,456.0,115.56235947134338
25.0,6.4,7.1,3.9,400.0,84.83045976692198
25.0,6.6,7.2,3.9,1146.0,84.5494740193394
22.0,6.2,7.3,4.0,638.0,92.59610699085535
28.0,5.5,6.6,1.7,668.0,59.10542628905481
27.0,7.5,6.8,0.8,738.0,20.20026661529063
28.0,6.7,6.8,1.0,804.0,31.26165204945302
28.0,6.9,6.7,0.5,1242.0,21.957251898408273
28.0,6.8,6.9,0.5,813.0,20.423085307263978
29.0,7.4,7.2,1.1,641.0,23.393497354544007
28.0,7.2,6.8,1.5,556.0,33.943825005174496
29.0,6.8,6.6,2.0,635.0,48.29617468257468
28.0,0.8,6.8,7.4,20733.0,219.4586231719396
26.0,7.1,6.1,0.6,1975.0,31.407859841417185
26.0,5.9,6.2,0.5,1775.0,40.64865421775021
26.0,5.1,6.2,1.1,2000.0,59.17668380197225
26.0,6.7,6.2,0.7,2100.0,36.074957966861525
26.0,5.8,6.2,0.6,1625.0,43.27963708244464
26.0,6.4,6.2,0.7,1900.0,39.01790656094478
26.0,6.6,6.3,0.6,1442.0,33.78631416488928
26.0,5.4,6.2,0.7,1825.0,49.19456854122231
28.0,6.7,6.7,1.3,3050.0,38.960505382786344
27.0,6.4,7.0,1.4,5725.0,42.93698903789608
29.0,6.3,7.1,1.0,1080.0,33.94201690037801
28.0,6.2,6.5,0.8,2550.0,38.21723909373155
28.0,6.9,6.4,0.5,285.0,24.967911898408268
27.0,6.8,6.5,0.5,435.0,26.044328763009258
28.0,6.6,6.9,0.7,963.0,26.188378791642055
28.0,7.0,7.2,0.3,550.0,15.78906515621924
28.0,7.5,6.9,0.5,685.0,12.402364778607376
28.0,7.4,6.8,0.3,725.0,11.359644854129751
29.0,2.8,6.6,2.3,645.0,101.33224575833466
28.0,6.2,7.6,0.5,24583.0,47.97403242706487
30.0,7.9,7.9,2.1,2700.0,42.078769498261316
28.0,8.1,8.0,1.7,463.0,36.68984432547315
30.0,7.2,7.7,1.2,1793.0,32.67481846994537
32.0,6.7,7.6,1.5,3133.0,40.967266662264365
29.0,7.0,8.1,3.5,468.0,79.73072446212
26.0,7.5,6.5,1.0,319.0,28.293208382639502
28.0,6.8,6.5,0.9,233.0,31.67548530726398
29.0,6.8,6.5,1.8,507.0,46.014814682574674
32.0,7.8,7.2,1.9,249.0,25.432277247651122
28.0,7.2,6.4,1.2,165.0,33.40173833850782
27.0,7.4,6.5,1.5,189.0,36.45168501734566
31.0,7.6,7.1,2.5,443.0,39.66880025337737
28.0,6.8,7.2,2.1,348.0,48.56278530726399
27.0,7.3,7.3,2.0,998.0,44.135063419400716
28.0,6.9,7.2,1.0,55.0,28.528311898408273
29.0,7.0,7.2,1.0,16.5,26.097127795453343
22.0,7.9,7.9,2.5,24.0,59.589924116789284
18.0,3.9,7.9,74.8,468.0,1322.2811344923375
24.0,4.9,7.6,19.6,718.0,372.7357687152096
20.0,7.4,7.5,2.1,10775.0,60.64379284986895
21.0,6.1,7.8,8.1,162500.0,269.98970803635586
24.0,4.9,8.1,26.3,468.0,492.59910204854293
26.0,4.5,8.3,25.3,468.0,482.17074099013877
21.0,6.7,7.6,7.4,78750.0,198.93076090467122
21.0,6.3,7.7,7.3,125000.0,230.31850343690547
22.0,6.4,7.7,4.2,440750.0,371.9908603782201
22.0,6.5,7.7,9.8,105000.0,258.2775170719025
21.0,6.4,7.8,13.8,227500.0,404.87490113718025
22.0,6.3,7.7,8.2,622500.0,553.5842036845377
21.0,6.2,7.6,3.7,49000.0,121.54043906996401
21.0,6.0,7.8,9.6,117500.0,268.41797700274776
21.0,5.9,7.8,11.1,222500.0,359.84624596913966
21.0,5.9,7.7,10.4,967500.0,808.6332459691397
22.0,6.5,8.2,2.2,468.0,70.14767707190249
25.0,6.6,8.2,26.3,468.0,477.31578068600606
29.0,6.7,7.2,50.0,468.0,863.788089792802
30.0,6.7,7.4,50.0,468.0,865.0026915449578
29.0,1.0,7.3,49.7,468.0,928.1773644090932
19.0,5.6,7.4,2.2,16.0,68.48560941790484
25.0,6.7,7.9,0.4,3.0,31.719394478881448
25.0,6.5,7.9,0.6,3.0,37.06756689313069
24.0,7.3,7.8,0.5,468.0,27.742492883512334
24.0,7.7,7.9,0.4,15.0,23.25753135600723
23.0,6.2,7.0,1.6,102.0,47.33021991983423
23.0,6.4,7.4,2.1,58.0,58.851658795362155
23.0,6.4,7.6,1.0,36.0,42.52235212869548
23.0,7.0,7.6,2.4,137.0,61.11346208861259
23.0,3.6,7.2,4.9,383.0,129.0064278713045
23.0,3.7,7.5,4.0,394.0,116.41977397573514
24.0,7.1,7.3,2.0,89.0,48.87773031393155
23.0,7.1,7.2,2.0,60.0,48.57124819304323
22.0,5.8,7.6,1.7,118.0,60.106080216125775
24.0,8.4,7.9,0.8,180.0,23.6849036828733
20.0,8.1,7.2,5.4,373.0,101.37644381996962
18.0,6.1,3.1,5.5,45.0,163.3992588409957
16.0,8.0,7.0,1.7,2067.0,41.63968116843258
19.0,5.4,7.2,1.7,278.0,59.202486278603224
18.0,7.0,7.0,1.7,375.0,45.7866372866589
27.0,5.2,7.4,1.4,280.0,57.28000319588992
27.0,4.7,7.4,1.8965,440.0,71.2086368728318
27.0,5.4,7.4,3.0,565.0,82.53110639177984
23.0,6.9,7.2,1.5,119.0,41.86444265084863
27.0,6.7,7.61,1.8965,468.0,52.226162165064295
25.0,7.102,7.945,1.525,50.0,47.52375792624047
25.5,3.487,7.015,9.2,1400.0,203.31480584260984
22.0,5.35,7.935,4.7,15000.0,128.1949317612217
25.5,7.05,7.995,4.7,33500.0,122.89491219827039
29.667,6.5,8.14,5.3,2400.0,117.3419210345312
25.5,6.7,7.885,15.0,10.0,279.57050279856566
29.0,5.6,8.173,4.6,6867.0,120.06711600530267
26.5,6.085,7.695,3.2,1550.0,83.01521859598634
26.5,6.055,7.605,4.3,140.0,100.09276155339379
28.0,6.7,7.215,431.5,8.0,7356.623332049453
27.0,7.93,8.32,1.46,5.0,39.804373486453954
25.667,4.9,7.943,3.1,2367.0,97.18307214281548
27.75,6.625,7.725,2.175,60.0,58.197390258011666
27.75,5.175,6.95,1.5,255.0,54.95476536111921
30.0,6.4,7.45,2.025,4073.0,55.267898723298565
28.25,6.2,7.9,1.575,85.0,54.497621016691234
26.667,7.4,6.733,1.7,160.0,37.479315892247065
28.75,7.6,6.775,1.3,3275.0,26.7618288339872
28.0,7.35,7.1,1.425,285.0,29.596501558557602
28.25,7.675,6.875,1.025,96.0,18.874494974707538
27.25,7.125,7.55,1.725,106.0,43.48863049053264
28.5,7.0,6.725,1.575,5425.0,40.78671886070329
27.714,6.543,7.229,4.014,187.0,84.56213302415422
28.714,6.7,7.307,3.857,162.0,80.00323357223124
28.667,7.1,7.507,4.633,152.0,90.95118887027905
26.667,6.333,7.277,5.4,207.0,111.87634944626332
26.714,6.471,7.379,3.729,174.0,83.1489675360238
28.286,6.371,7.061,4.5,292.0,92.32351396215428
19.333,6.7,7.44,4.4,305.0,98.33143839657538
29.083,6.2,6.457,1.757,541.0,52.94290303347677
27.417,7.286,6.586,1.071,470.0,28.97669404244089
27.286,6.525,6.5,1.313,844.0,42.84485332921533
28.6,6.917,6.95,0.467,433.0,16.97917028876724
28.667,6.8,7.043,0.414,473.0,17.31156665071539
27.786,7.075,7.25,0.988,384.0,27.411161611851103
28.143,7.013,6.712,1.4,485.0,35.20052089057379
27.5,6.787,6.65,1.637,574.0,43.30591863960905
28.571,4.1,6.775,6.788,3100.0,161.29516959809402
27.0,6.9,6.8,0.733,2500.0,26.609380360954212
26.5,6.867,6.833,0.633,2400.0,25.31657106178785
26.25,6.467,6.6,1.033,2733.0,39.51897257669515
26.75,6.667,6.933,0.933,3300.0,31.649250655624215
26.75,6.967,6.933,0.833,2233.0,26.09920667443281
26.5,6.733,6.867,0.933,2233.0,31.31483404931889
27.0,6.714,6.957,0.671,2171.0,25.46587872210992
26.75,6.733,6.733,0.9,2833.0,32.49972311309544
28.0,7.233,6.867,1.1,2300.0,27.039166580252115
27.0,6.233,6.9,0.867,2233.0,34.70053903599467
28.5,6.867,7.067,0.533,455.0,19.025406764799854
28.5,6.433,6.667,0.6,967.0,28.737148522027244
29.0,7.033,6.533,0.533,740.0,21.41109427574498
28.75,6.633,7.067,0.633,800.0,23.40582384073119
28.0,6.833,7.0,0.7,583.0,22.108106882341595
29.5,6.333,7.167,0.7,447.0,28.399595324177465
28.0,7.033,7.033,0.267,1260.0,13.28711006463019
28.5,7.0,7.133,0.7,933.0,21.40620219403662
29.0,3.5,6.567,2.133,443.0,90.37480998674333
28.857,6.243,7.253,0.857,21469.0,46.78835581908993
21.0,6.9,8.2,2.8,2200.0,78.79455630522081
24.0,7.8,8.5,0.6,3500.0,35.103622640797624
33.0,7.3,8.6,0.9,468.0,30.29047793354472
27.5,7.95,6.565,1.5,66.0,28.83319816835294
29.0,5.8,6.6,1.0,58.0,42.90298578484801
31.25,6.975,6.725,1.5,98.0,32.54075226286967
27.0,5.35,7.19,1.325,31.0,51.712375592807355
30.0,7.525,6.61,1.5,26.0,28.839119304520626
29.0,7.15,6.56,1.1,73.0,28.91984179677901
27.0,4.325,7.045,2.075,109.0,73.81165254720487
27.5,6.925,7.633,2.0,570.0,51.355781968614494
27.25,6.825,7.125,3.667,771.0,75.11243136245746
26.667,6.7,7.267,1.333,41.0,38.56460431256389
26.333,6.75,7.3,1.667,47.0,44.43388036316534
21.25,5.87,7.84,4.35,468.0,107.96371429117781
17.667,6.033,7.367,3.267,6867.0,87.76470302279256
16.5,5.1,7.85,12.0,36500.0,267.0168401438366
18.0,4.867,7.367,12.0,27667.0,257.3237123704372
17.333,4.833,7.533,13.333,30000.0,283.6510036950638
17.5,5.1,7.367,6.933,43067.0,179.03240267181508
15.0,6.8,7.3,5.4,9250.0,120.84150977923653
17.5,4.2,7.367,14.667,83667.0,341.9725286254793
18.0,5.533,7.3,9.333,88333.0,244.08489175356127
17.5,5.2,7.3,6.267,54067.0,173.0298286769635
18.0,4.2,7.733,21.0,76667.0,449.9209917520031
18.333,4.033,7.667,21.333,148667.0,500.70686250945187
18.667,4.133,7.633,20.333,110333.0,458.89793923952305
18.0,5.35,7.55,17.0,468.0,324.3600923584986
19.0,4.05,7.85,16.0,468.0,320.35898508831735
17.5,6.25,7.9,14.0,468.0,271.4082350643552
18.5,6.65,7.875,43.0,16900.0,771.5182081521114
19.5,7.2,9.01,4.6,23.0,116.57578758647405
22.0,6.27,7.89,149.75,468.0,2579.168566676433
20.0,6.1,7.1,3.1,14.0,76.15450866730104
26.0,0.6,7.3,87.0,468.0,1559.956072713221
27.0,6.7,7.9,130.0,468.0,2235.604587165064
27.0,6.7,7.1,126.0,468.0,2157.927253831731
16.0,7.2,7.0,5.2,180.0,105.14812574573945
15.0,4.6,3.0,6.2,49.0,186.6653778268363
10.0,8.8,7.0,1.6,2800.0,40.940977672371424
11.0,10.0,7.1,1.0,350.0,23.42183029057268
12.0,9.0,7.3,1.8,280.0,43.59992798420373
23.667,7.767,7.543,0.5,468.0,20.740186095957984
23.7,7.167,8.143,0.6,468.0,35.085309022133316
23.767,8.533,7.857,0.4,468.0,15.675570121353262
23.667,8.867,7.793,0.5,468.0,13.720858800049218
28.0,5.6,7.65,1.758,18417.0,72.96562621353243
27.0,6.7,7.76,10.825,468.0,205.9614704983976
27.0,6.7,7.3,1.0,37000.0,55.89642716506429
27.0,6.7,7.3,112.0,6400000.0,5889.806427165064
26.0,7.2,7.84,1.764,230.0,48.390243643389425
27.0,5.0,7.22,19.663,13525.0,376.25714999999997
29.0,6.2,8.11,11.333,18810.0,234.0994220106053
27.0,7.2,8.07,4.0,280.0,88.04963515478909
28.0,6.2,7.98,5.0,50350.0,145.08963909373153
28.0,3.9,7.92,14.847,36.0,306.83031749741275
29.0,7.2,7.42,4.632,118311.0,161.490940908332
28.0,6.9,6.44,2.304,116.0,55.0806652317416
29.0,7.8,6.69,2.754,140.0,47.75742358030133
29.0,6.7,7.35,1.893,148.0,46.77090645946867
28.0,8.3,6.68,2.503,155.0,39.72524084109507
28.0,8.1,6.18,2.375,155.0,45.82273432547316
29.0,7.7,6.55,2.242,164.0,41.93975869052867
29.0,8.6,6.56,2.423,155.0,34.11096603181601
28.0,7.7,6.45,2.144,142.0,43.17814462756263
28.0,7.4,6.07,1.681,140.0,43.26669485412974
27.0,7.0,8.16,4.165,27550.0,110.99824862556584
27.0,5.9,7.36,6.1,4600.0,131.9232810481713
27.0,4.1,7.57,7.08,1993.0,168.87644561849538
27.0,3.9,5.27,441.8,10.0,7581.220049089271
27.0,5.7,7.62,2.12,6000.0,70.34067785228137
27.0,6.1,8.0,5.64,38428.0,150.6052442440612
14.0,6.2,7.88,9.75,1100.0,200.77043245778808
19.0,6.3,8.05,13.0,75.0,254.98182707212717
27.0,7.1,7.2,1.6,95.0,37.719466890177465
28.0,7.4,7.27,1.333,37.0,29.35223485412974
28.0,7.3,7.3,4.0,58.0,76.24358492965213
27.0,5.9,6.6,1.755,387.0,55.85433771483796
27.0,7.4,6.68,1.164,298.0,28.639265017345668
27.0,7.1,6.75,1.325,378.0,33.816010223510794
27.0,6.8,6.92,0.458,353.0,20.233188763009256
27.0,6.8,6.98,0.475,466.0,19.871732096342587
27.0,6.8,7.03,1.117,624.0,31.014525429675924
27.0,7.2,6.76,1.692,357.0,38.85184182145575
27.0,6.2,6.63,1.275,360.0,44.08080250867283
27.0,6.6,6.77,1.383,3383.0,41.80646890045267
27.0,6.9,6.95,0.625,3100.0,23.341580360954207
27.0,6.0,6.75,0.975,3600.0,41.69526597944959
27.0,5.4,6.85,1.075,8375.0,51.61288972511317
27.0,6.7,6.93,0.675,4200.0,27.266943831730963
27.0,6.9,6.85,0.575,3400.0,23.87808036095421
27.0,6.5,6.98,0.575,2600.0,26.12487396917437
27.0,6.8,7.06,0.567,2825.0,23.38037876300925
27.0,5.8,6.73,0.7,3500.0,39.346212783559665
27.0,6.8,6.8,0.7,1775.0,26.67446209634259
27.0,7.1,6.83,0.7,1475.0,22.899666890177464
27.0,6.3,7.15,1.05,595.0,36.67868743995113
27.0,6.3,6.95,0.65,775.0,28.782287439951126
27.0,6.9,6.65,0.5,215.0,23.029797027620873
27.0,6.4,6.75,0.675,350.0,30.270739037896078
27.0,6.8,7.35,1.15,660.0,35.44266209634258
27.0,6.8,7.08,0.975,515.0,29.13124542967592
27.0,7.1,6.98,0.55,510.0,17.946866890177457
27.0,7.0,7.23,0.425,453.0,19.38337529223251
27.0,2.4,6.43,2.025,373.0,100.14703512009774
27.0,6.7,7.56,4.942,250.0,103.31459383173096
27.0,6.8,7.68,4.475,236.0,95.72459876300925
27.0,6.5,7.33,4.4,208.0,93.45471730250772
27.0,5.1,7.45,9.875,210.0,203.12965159794496
27.0,6.5,7.34,5.125,230.0,105.92557396917438
27.0,6.6,7.47,4.958,358.0,103.648752233786
27.0,6.6,7.75,4.5,203.0,99.122752233786
27.0,7.9,7.85,3.0,55.0,60.717613007070455
27.0,7.4,7.0,2.027,44.0,39.32290168401233
27.0,7.0,7.9,3.525,45.0,79.9310152922325
27.0,6.9,7.73,3.233,63.0,74.00717369428756
27.0,7.3,7.77,4.043,66.0,83.96854008606738
27.0,8.0,7.8,3.4,54.0,65.84686127168209
27.0,5.5,6.58,11.57,315.0,227.37307465639148
27.0,7.0,7.43,8.693,252.0,162.35522195889914
20.0,6.6,7.15,7.475,288.0,147.53789412213484
18.0,6.4,3.05,5.067,45.0,154.53107943399453
15.0,7.1,7.03,2.1,2300.0,55.29766140910931
19.0,8.1,7.03,1.967,307.0,41.93825199250838
21.0,8.3,7.1,2.133,413.0,41.87606744240106
25.0,7.4,6.6,1.8965,468.0,44.659532695675765
25.0,6.8,6.3,1.8965,468.0,54.09804993842349
25.0,6.1,7.15,1.8965,468.0,54.29765338829584
26.0,7.5,7.2,1.8965,468.0,40.03703004930617
28.0,7.5,7.8,1.775,17625.0,53.01074811194071
30.0,7.5,7.35,2.25,2145.0,42.75186795827125
27.0,6.0,7.55,3.125,10950.0,86.44209931278291
32.0,6.3,7.43,2.175,4500.0,56.98542372212372
29.0,6.1,8.33,1.8965,468.0,65.99066212083268
27.0,8.1,7.86,2.747,468.0,54.63632620296038
25.0,7.3,7.3,2.067,348.0,47.25756056946706
27.0,4.9,7.33,14.533,18000.0,294.13374840205506
28.0,6.3,7.58,6.7,4963.0,139.93821901820914
28.0,6.1,7.58,14.25,27500.0,284.65595250258724
25.0,6.8,7.43,4.25,3043.0,92.49967493842348
26.0,6.7,7.38,3.85,11050.0,90.18085796686152
27.0,5.9,7.48,8.35,22025.0,182.45588104817125
25.0,6.5,7.4,4.3,15875.0,103.8632068931307
25.0,6.9,7.4,3.75,3500.0,82.94186206463219
26.0,5.1,7.48,14.7,23500.0,300.0890838019722
28.0,5.0,7.4,14.76,37320.0,309.7397333333333
28.0,5.1,7.43,16.25,44000.0,338.46208659114427
16.0,6.2,7.63,7.0,43.0,149.66164980070636
27.0,4.4,8.23,1.39,150.0,75.60935707899692
27.0,4.2,8.52,1.26,1100.0,79.62232054977366
23.0,4.0,7.65,36.0,2950.0,661.6924056223602
22.0,8.0,8.31,4.4,30.0,96.00910081047171
27.0,4.2,8.55,341.833,468.0,5875.00809721644
27.0,5.0,7.92,1.443,149.0,66.32969666666668
25.0,7.5,7.53,1.407,133.0,36.71148815521781
27.0,6.6,7.27,3.555,156.0,77.246462233786
28.0,6.8,7.12,1.723,283.0,41.14613530726398
27.0,6.7,7.6,1.229,33.0,40.477703831730956
28.0,7.1,6.94,0.943,26.0,23.589555080696865
27.0,7.4,7.0,0.977,105.0,21.493221684012333
27.0,6.6,7.81,2.675,191.0,68.78069556711934
28.0,6.6,7.49,2.091,273.0,54.11596212497539
28.0,5.4,7.16,2.092,513.0,63.93113969791052
30.0,5.4,7.37,1.802,557.0,61.0122748733234
