Temp,D.O. (mg/l),PH,B.O.D. (mg/l),TOTAL COLIFORM (MPN/100ml)Mean
30.6,6.7,7.5,NAN,27
29.8,5.7,7.2,2,8391
29.5,6.3,6.9,1.7,5330
29.7,5.8,6.9,3.8,8443
29.5,5.8,7.3,1.9,5500
30,5.5,7.4,1.5,4049
29.2,6.1,6.7,1.4,5672
29.6,6.4,6.7,1,9423
30,6.4,7.6,2.2,4990
30.1,6.3,7.6,2.3,4301
27.8,7.1,7.1,1.2,7817
27.9,6.7,6.4,1.4,3433
29.3,7.4,6.8,1.7,18125
29.2,6.9,7,1.1,6300
30,6,7.5,1.6,9517
29,7.3,7,1.5,2453
29.1,7.3,7,1,3048
28.7,7,6.9,1.2,6742
28.7,7.3,6.7,1.5,3052
29.5,5.3,6.8,1.8,10250
29,6.3,6.4,1.6,12842
29.4,5.4,7.6,1.4,6367
28.3,2.2,6.5,4.7,14920
30.1,5.2,7.1,2.6,8925
30.3,5.6,7.5,1.8,5082
30.5,5.5,7.4,1.5,8625
29.1,7.3,6.7,1.4,4003
30.1,6.5,7.5,2,1538
29.2,7.2,6.3,1.5,13575
25.1,6.6,7.8,4.9,36
29.6,6.9,7.9,5,34
27.4,6.8,7.7,5.2,23
27.8,6.7,7.8,4.9,29
30.6,5.1,7.3,10.3,83
25,5.6,7.9,3.6,164
25,6.4,7.6,5.7,45
25,5.5,7.4,7.7,67
25.3,5.3,7.7,9.9,304
25.1,6.7,7.6,4.8,76
26.1,3.6,7.4,31.3,474
21.4,7.2,7.7,3.1,130
27.4,5.9,7.4,6.4,68
27.1,5.4,7.5,7.4,116
27.2,5.8,7.3,5.4,78
27.3,5.9,7.4,5.1,60
27,6,7.3,8.5,58
27.2,6.1,7.3,6.1,63
27,5.9,7.4,6.4,47
22.6,6.3,7.8,4.6,32
28.4,6.7,7.3,3.5,0
28,6.8,7.2,3.1,0
27.6,6.8,7.3,3.3,0
27.9,6.9,7.3,3.3,0
28.1,6.9,7.3,3.4,0
27.1,6.8,7.9,4.9,28
27.6,6.6,8.1,4.6,32
27.3,6.7,8,5,33
27.8,6.7,7.8,4.9,35
28,5.9,7.7,5.5,51
28.1,6.3,7.6,4.6,31
28.6,6.6,7.6,4.7,31
26.9,6.8,7.7,5,34
23,7.1,7.4,2.7,30
23,7,7.4,2.7,40
23,7.2,7.2,2.7,70
25.1,6.7,7.5,1.4,420
24.6,5.8,7.4,1.4,691
25.7,6.6,7.5,1.4,448
24.8,6.7,7.5,1.4,443
27.3,6.7,6.9,0.9,172
27.5,6.5,6.7,1.2,304
25.2,6.3,6.9,1.6,2008
29.9,7,7.4,0.7,590
29.8,6.6,7.7,1.6,661
27.8,6.9,6.9,1.1,531
26.7,7,7.5,0.8,3583
25.8,6.7,7.4,0.8,1969
26.4,7.2,7.4,0.7,1311
29.8,7.5,7.2,1.1,590
28.6,3,6.6,1.7,530
26.9,5.9,7.4,0.7,2803
26,6.7,7.5,1.6,473
23.6,6.1,7.4,2,550
30.3,6.7,6.9,1.7,350
30.7,6.9,6.8,1.6,206
28.7,2.1,6.8,1.6,694
28.2,2.5,6.9,1.9,656
24.8,7.2,7.6,1.4,426
26.3,3.7,7.7,1.2,60392
29.2,6.1,7.6,1.2,718
26.6,6.7,7.6,0.5,71
30.4,7.6,7.1,1.2,961
25.5,1.9,7.7,26.9,37375
25.1,7.4,7,0.1,409
28.9,6.4,7.2,1.3,535
28.8,5.4,6.7,1.1,144
29.3,5.6,7.3,1.6,705
29.5,7.1,8,1.2,697
28.4,5.9,6.8,1.5,166
26.9,7.4,6.9,1.1,159
25.8,7.2,7.2,0.7,658
26.6,6.5,7.4,0.6,7018
25.3,6.8,7.1,0.8,1268
28.2,6.8,6.9,1.7,660
28.5,6.6,7,1.4,822
27.6,6.4,7.7,0.6,88
29,7.3,6.9,1.9,825
27.5,6.8,6.6,0.5,2950
30,5.6,7.2,2.1,447
27.8,6.9,6.8,0.6,3375
30.2,7.1,6.8,1.8,468
30.8,6.2,7.2,1.5,542
25.3,6.7,7.1,0.6,626
25.3,7.2,7,0.6,433
25.8,6,7.6,1.3,523
27.2,5.2,6.8,0.6,313
28.1,4.8,6.8,0.7,332
28.3,3.9,6.9,0.5,284
28.1,5,6.9,1.8,667
27.7,7,7,1.1,541
28,6.3,6.9,1.2,815
28.2,6.2,6.9,1.3,1007
28,5.7,6.8,1.9,759
28.1,5.7,6.9,3.1,1205
28.1,6.6,7.1,1.3,785
28.1,6.6,7,1.3,472
27.3,6.5,6.5,0.9,188
28.3,6.7,6.3,0.9,610
29.1,4.3,7.2,1.8,796
28.7,4.6,6.7,1.5,171
28.5,7.7,6.9,1.6,554
26.6,5.8,6.5,1,151
31,4.5,6.9,2.1,230
30.5,6.9,7.2,1.3,643
28.8,6.6,7,0.9,103
25.3,6.9,7.5,0.6,1633
25.9,5.5,7.6,1.3,141
26.5,5.4,7.8,0.8,107
18.9,7.1,7.8,0.7,1238
20.5,6.9,8,0.9,1563
27.1,7.3,7.3,2.4,65
26.3,7.5,7.5,2.1,74
29.1,6.4,7.2,1,1223
28.4,6.5,7.1,1,1342
24.7,7.7,7.9,1.3,40500
24.4,7.5,7.8,2.1,53556
22.7,7.3,7.2,0.7,13810
24.8,7.4,7.9,0.7,15213
24,7.4,7.8,1.9,12473
22.8,7.5,8,1.7,30319
26.8,7.2,8,1.5,4314
27.4,6.6,7.8,1.5,4224
25.3,7.5,7.9,1,8559
27.1,7.4,7.9,0.8,16709
29,NAN,7.3,NAN,NAN
25,5.9,7.9,NAN,NAN
25,6.5,7.3,NAN,NAN
25,6.5,7.7,NAN,NAN
32,6,7.1,NAN,NAN
29.3,6.5,7.4,2,374
22.8,6.8,6.6,2.9,36
24.5,6.6,6.4,2.5,41
25.5,6.6,6.5,2.5,45
29,6.7,6.9,2.2,38
23.8,6.7,6.3,2.7,32
22.8,6.7,6.4,4.6,34
29,6.6,7.2,2.7,60
29,6.7,7,2.5,51
23,6.6,6.2,2.5,38
29,6.8,6.9,2.5,48
25.7,6.5,6.6,2.4,41
25.7,6.6,6.7,2.5,34
24.3,0.9,7.6,104.5,511090873
NAN,NAN,NAN,NAN,NAN
22.7,5.8,7.2,6,4073
19,4.8,7.6,22,52500
23,5.5,7.3,10,5433
24,5.1,7.4,23.7,50333
24.7,5.5,7.4,10,29333
25,5,7.6,16.3,21667
22,4.9,7.7,27.5,72000
24.3,5,7.3,19.3,39533
23.3,5.3,7.2,13.3,7133
19.5,4.9,7.7,21,49500
21.5,4.1,7.5,23,57500
20,4.8,7.4,17,38000
NAN,NAN,8.2,19.8,NAN
NAN,NAN,7.9,18.2,NAN
32.6,4,6.8,3,9
23.6,7.8,7.8,1.3,17
23.9,7.7,7.7,1.3,22
24.5,7.6,7.9,1.6,22
NAN,NAN,7.2,88,NAN
18.1,4.4,7.1,41,224
25.1,5.9,8,0.9,15
22.3,6,7.2,0.8,15
23.7,5.6,7.9,1.1,4
23.9,6.2,8.1,1,6
25.5,7.2,7.5,2.3,74
25.1,7.2,7.5,2.3,67
25.2,7.5,7.3,1.8,70
23.2,7.5,7.5,2.4,506
20.1,5.3,3.3,7.7,36
18.3,7.2,7.2,1.7,42
19.3,7.5,7.2,1.6,44
24,7.8,7,2.3,108
20.5,6.7,2.7,3.3,16
21.2,7.3,6.6,2.5,386
26.3,7.4,7.3,1.8,55
25.5,7.2,7.4,2,61
20,7.3,7.1,1.9,53
20.3,7.3,7.1,2,50
19.4,6.6,7.1,2.6,3108
21,7.3,5.6,1.8,34
19.2,5.1,7,3.6,780
18.3,7.3,7.1,1.6,40
19.6,7.7,7.2,1.6,36
23.7,7.6,7.3,2.1,528
18.2,6.2,7,2.4,79
18.8,7.2,7.1,1.9,63
18.9,7.4,7.1,1.5,40
25.1,7.5,7.4,1.7,59
18.8,7.1,7.1,1.9,48
20.2,7.3,7.2,1.9,48
20,7.3,7.3,2,54
18.5,1.5,6.9,33.9,34251
18.8,3.9,7.1,17,22223
18.3,1,7.2,57.2,83554
18.5,0.9,7.2,61.1,106333
18.2,7.2,7,1.9,60
22.1,7.7,7.2,1.6,59
17.6,7.3,6.9,2.2,52
18.7,1.2,7.1,45.7,94083
18.7,3.2,7.1,23.5,54083
23.1,7.2,7.2,6.9,552
22.6,7.2,7.1,2.1,120
20,7.5,7.3,1.9,42
19.9,7.6,7.3,1.9,43
24.5,7.1,7.3,1.4,115
24.4,7.2,7.3,1.5,68
23.6,6.9,7.1,1.6,29
23.5,6.8,7.1,1.4,86
27.3,6.2,7.8,2.1,340
29.1,6.4,7.8,4.1,500
26.6,6.6,7.9,4.2,572
NAN,NAN,0,NAN,NAN
27.1,7.3,7.9,0.5,173
27.3,5,7.6,1.8,174
NAN,NAN,0,NAN,227
24.5,6,7.7,8.6,1183
NAN,NAN,NAN,NAN,24
27.5,5.3,7.8,2.8,23
28.3,4.3,7.8,103.8,1817
28.4,4.5,8.3,1.5,5
NAN,NAN,NAN,NAN,2
27.6,6.8,8.2,2.5,64
NAN,5,8,0.7,NAN
NAN,3,7.7,0.4,NAN
27,6.7,8.1,7.2,41
29,8.2,8.4,2.9,NAN
NAN,NAN,NAN,NAN,NAN
30,5.6,7.5,2,13410
30.4,5.5,6.7,0.8,2915
30.8,5.5,7.1,1.5,6264
30.3,5.3,7.3,1.5,3080
30.1,6,7.6,1.2,6086
29.9,5.7,6.9,1,3061
29.1,6.4,7.1,1.1,7908
29.9,6.2,7.8,2,9320
29.8,6.1,7.6,1.8,9554
27.9,7,6.9,1.1,2841
28.2,6.6,6.5,1,7190
29.6,7,6.8,2,23867
28.8,7,7,1.2,2813
29.5,6.3,7.6,1.5,7069
29.8,6.7,6.8,1.2,3559
29.7,7.1,6.6,1,3527
28.7,6.7,6.6,1.3,3757
27.9,7.2,6.7,0.9,1996
29.3,4.2,6.7,2,9286
28.6,6.3,6.6,1.6,6054
29.8,5.6,7.7,1.7,3644
28.6,2.8,6.4,3.2,21036
30.6,5.2,7.1,2.6,1525
30.3,5.6,7.7,1.5,7130
30.4,5.5,7.7,1.5,12282
29.6,6.9,6.7,0.9,1132
29.6,6.3,7.6,1.7,3612
29.5,7.1,6.6,1.1,8167
26.7,6.9,7.7,3.3,163
29.3,7.2,8.2,3.3,94
28,6.9,7.7,3.7,103
28.2,6.9,7.6,3.5,79
26.5,6.4,7.4,4.3,753
20.7,6.3,8.3,2.7,157
27.2,6.7,7.8,3.6,89
27.5,6.3,7.6,4.4,98
26,5.9,7.6,5,300
26.5,7.3,7.7,3.2,93
27,3.6,7.4,30.5,745
27.3,6.3,8.3,3.3,112
28.7,7.2,7.7,3.3,89
28.4,7.1,7.5,3.4,63
28.7,7.1,7.4,38,667
28.7,7.2,7.6,3.2,51
28.7,7,7.6,3.3,63
28.7,7.2,7.6,3.4,64
28.7,7.1,7.8,3.2,88
29.3,6.8,7.7,3.6,124
28.3,6.8,7.4,3.7,124
28.7,6.8,7.6,3.3,118
29.2,6.7,7.8,4.4,138
28.7,6.8,7.7,3.9,120
27.2,6.8,8.1,3.8,85
27.2,6.8,8,3.5,98
27.2,7,8,3.6,83
28,6.9,7.9,3.5,96
26.2,7,7.6,3.5,63
26.2,7.2,7.5,3.3,88
28.2,7.2,7.7,3.3,68
24.5,6.9,7.5,2.8,82
24.5,6.7,7.7,3.3,90
24.5,7.3,7.7,2.9,88
24,6.4,7.3,1.7,788
24.9,6,7.1,1.7,538
24.3,6.3,7.1,1.3,593
24.8,6.5,7.3,1.6,545
26.4,6.7,6.6,1.2,435
27,7,6.6,1.5,435
26.6,6.7,7.3,0.8,1567
28.6,6.9,7.7,0.7,443
28.8,6.7,7.9,0.9,426
28,5.6,6.9,1.2,990
27.4,7.3,7.4,0.8,4208
27.5,6.9,7.4,0.8,2557
26.8,7.1,7.4,0.6,2831
30,7.2,6.9,1.3,150
28.8,3.4,6.7,2.3,1236
27.4,6.1,7.2,0.9,2975
24.8,6.4,7.2,1.9,618
23.6,6.2,7.2,2,483
29.8,6.6,6.9,1.6,756
30.2,6.8,7,1.7,785
28.2,2.9,6.7,2.2,1623
27.7,3,6.6,2,1319
23.9,6.7,7.1,1.6,738
27.4,3.6,7.3,2.6,112867
27.8,6.1,7.8,1.3,997
26.4,6.9,7.4,0.5,67
29.6,7,6.9,1.1,317
27,3.1,7.2,13.2,19917
26.3,7,7.1,0.5,496
30,6.1,7,1.8,282
28,6,6.4,2.1,300
30.1,6.3,7,2.8,543
27.9,6.9,8.1,0.9,615
27,5.9,6.7,1.5,377
26,7.8,6.8,1.4,319
27.7,7.1,7.4,1,66382
27.1,7.3,7.2,0.9,3471
26.5,6.2,7.2,0.8,942
28.5,7.2,6.8,1.2,941
28.7,6.9,6.7,2.5,701
25.7,6.3,7.4,0.6,128
29.3,7.6,6.8,1.6,109
27,7,7.2,0.6,3558
30.9,5.9,7,1.5,253
27.1,6.8,7.2,0.6,2392
30.3,6.3,6.7,1.3,278
30.4,6.4,6.9,1,277
26.2,6.6,7.3,0.6,940
26.2,6.9,7.2,0.5,774
25.1,6,7.3,1.7,597
27.4,6.1,7.2,0.7,311
28.1,4.5,6.9,0.7,388
28.3,4.2,7,0.6,420
28.2,6,7,2.2,1894
27.2,7.3,7,1,927
27.4,6.3,7,1.6,1876
28.2,6.4,7.2,1.4,1357
27.9,5.9,7,2.2,1284
27.3,4.6,7,1.7,1937
28.2,6.5,6.9,2,1573
28.2,6.5,7,1.4,1221
26.7,6.4,6.4,1.2,376
28,6,6.1,1.2,438
29.7,5.3,6.8,2.8,523
28.2,3.6,6.5,1.8,261
28.9,6.9,6.7,1.8,205
26.4,6,6.6,1.5,398
30,4.9,6.8,1.6,614
30.8,6.3,7,1.4,201
27.8,6.6,6.8,1.1,347
26.7,7.1,7.5,0.8,1097
27,6,7.3,1.2,78
26.8,6.1,7.7,1.2,211
19,5.8,7.8,0.6,1100
21.4,6.1,8,0.9,1260
27.1,7.3,7.3,2.3,336
26.3,7.6,7.4,2.4,834
28.3,6.5,7.1,1,212
27.9,6.5,7.1,1,79
23.4,7.5,7.8,1.4,18918
23.5,7.6,7.6,2.3,32918
22.4,7.3,7.5,1.2,17512
26.8,7.5,8,1.4,23191
26.5,7.3,7.9,2.9,30836
22,7.4,7.9,2.3,3900
27.6,6.9,8.1,2,22523
26.8,7,8,1.8,10469
25.6,7.2,7.8,1.3,31034
26.5,7.3,8,1.2,5289
24,NAN,7.8,1,NAN
28,8,7.7,NAN,NAN
28,8,8.2,4,NAN
28,7,8.2,5,NAN
27,7,6.4,4,NAN
27.8,6.7,7.5,1.7,474
23.4,7.2,6.5,3.1,59
25.4,6.7,6.3,3.3,74
26.3,6.3,6.5,4,124
29,6.6,6.9,5.4,53
24.6,7.1,6.3,3.5,82
23.5,6.9,6.3,3.5,52
29,7.3,7.1,3.6,104
27,6.1,7,5.2,77
24,6.9,6.4,3.2,65
28.7,6.8,6.8,9.4,58
26.3,6,6.6,3.9,84
25.7,6.5,6.7,3.3,113
26.8,3.4,7.8,164.9,160405392
NAN,NAN,NAN,NAN,NAN
23.3,5.5,7.2,9.7,4975
22.8,4.7,7.3,23.8,56000
23.3,5.3,7.2,11.3,6025
21.8,4.9,7.3,23.5,54250
24.3,5.3,7.4,13,26750
23.5,4.9,7.5,16.5,30500
24,4.4,7.4,24.8,55250
23.5,4.8,7.2,20.3,43700
23.3,5.1,7.3,14.8,8425
22.5,4.6,7.4,24.3,50000
26,4,7.4,26,57500
25.8,4.4,7.3,21.5,43750
NAN,NAN,6.9,13,NAN
NAN,NAN,6.5,15,NAN
NAN,5,7.3,33.9,NAN
NAN,NAN,6.7,18,NAN
30.7,4.8,7.6,0.8,9
20.3,7.1,7.5,1.3,19
20.7,7.1,7.5,1.4,22
20.8,6.6,7.5,1.6,24
20.6,4.9,7.4,16.3,120
28,4.9,8.3,1,5
23.4,5.5,7.4,0.8,6
25.3,5.5,8.1,1.1,6
31.1,5,7.3,1.7,12
26.3,5.6,8.1,1.1,6
22,7.3,7.3,2.1,32
24.4,7.2,7.3,2.2,57
23.7,7.2,7.4,2.2,56
24.6,7.6,7.2,1.8,57
23.1,7.1,7.5,2.2,413
21.7,5.2,2.9,7.8,30
18.2,7.3,7.1,1.3,48
18.8,7.6,7.2,1.2,36
23.8,8,6.9,1.8,49
17.8,7.9,7.3,1.4,29
18.7,7.4,7.2,1.9,32
18.8,7.7,7.2,1.6,63
21.3,6.8,2.7,3.2,11
22.6,7.1,6.5,3.8,1072
25.2,7.8,7.2,1.6,41
24.8,7.3,7.3,2,47
19.9,7.3,7,1.8,45
20.7,7.4,7.1,1.7,42
20.6,6.5,7.1,2.7,2722
21.5,7.5,5.7,1.5,23
17.7,5.8,6.9,3.1,463
17.9,6.9,7.2,1.4,33
23.9,7.8,7.3,1.9,444
18,6.6,7,2.3,63
18.4,7.6,7.1,1.7,53
18.8,7.8,7,1.4,35
24.8,7.7,7.4,1.6,56
19.3,7.1,7,1.8,43
20.6,7.4,7,1.6,87
20.7,7.5,7.2,1.6,46
18.4,3.1,7.2,21.8,31444
19.1,4.7,7.2,13.6,20056
19.7,2.1,7.2,37.2,62333
20.1,1.8,7.2,40.6,96944
17.6,7.2,6.9,1.7,56
22.7,7.9,7.1,1.2,50
17.9,6.9,6.9,2.2,45
18.9,1.9,7,34.2,85667
19.4,4.5,7.1,15.5,43333
23.7,7.2,7.1,6.7,476
22.7,7.5,7,2.1,122
23.6,7.1,7.5,1.9,NAN
23.8,7,7.6,1.8,NAN
23.5,7.2,7.9,1.9,NAN
23.5,6.5,7.8,1.8,NAN
27.4,6.6,7.7,1.7,325
21.9,6.7,7.8,4.8,520
27.5,6.6,7.7,3.7,575
31,7.1,7.8,8, 
28,7.2,7.4,0.7,10
27,6.2,8.4,9,350
30,2.2,8,17.9,25478
31,2,7.7,32.3,15173
29,2.4,7.6,6.2,13
31,5.9,7.2,2.1,90
30,6.1,6.8,1.3,3808
30,5.5,6.9,1.3,11113
29,5.4,7.2,1.5,2309
29,5.8,7.2,5.3,3322
29,5.9,6.7,1.5,5793
28,6.4,6.7,1.3,3636
30,6.2,7.7,1.3,4517
30,6.1,7.8,1.5,5840
27,7.3,6.9,0.7,4388
28,6.8,6.6,1.5,3949
29,7.4,6.5,2.3,16691
28,7,6.8,1.6,2404
29,6.3,7.5,1.6,4267
29,7.1,6.8,0.8,3567
30,7.3,6.8,1.2,2446
28,6.7,6.6,1,3496
28,7.4,6.8,1.3,1404
29,4.5,6.6,2.4,5889
28,6.1,6.9,1.8,3937
30,5.9,7.3,1.6,2794
30,2.4,6.5,4.8,14217
31,4,6.8,1.8,2280
29,5.4,7.6,1.6,1330
30,5.3,7.6,1.4,2517
29,7,6.9,0.8,3059
29,5.9,7.7,2.1,831
29,7.1,6.5,1.7,8163
29,6.9,7.7,3.3,123
30,6.6,7.9,3.2,104
27,6.6,7.7,3.6,77
27,6.8,7.7,3.4,75
27,4.8,7.2,8.4,408
23,6.4,8,4.2,68
29,6.8,7.6,3,295
29,6.7,7.5,4.6,132
28,5.8,7.9,9.5,451
29,6.9,7.7,3.1,168
25,4.9,7.6,55.5,964
28,6.9,7.9,2.7,107
29,6.8,7.5,3,241
29,6.7,7.3,2.9,209
29,5.6,6.9,4.5,173
29,6.5,7.3,3,284
30,7.1,7.5,3,297
30,6.4,7.3,3.1,191
29,6.9,7.7,2.9,268
25,7,7.9,2.9,86
30,6.4,7.6,3.7,139
30,6.9,7.7,2.8,123
31,6.3,7.7,3.5,116
30,6.5,7.5,3.4,126
30,6.3,7.4,4.7,134
28,6.5,8.1,4,115
28,7,8,3.5,245
28,7,8,2.9,74
27,6.8,7.8,3.3,77
27,6.4,7.6,3.2,142
26,6.7,7.7,3,73
27,6.7,7.6,2.9,64
28,6.6,7.8,3.5,79
23,7,7.7,2.4,112
22,6.8,7.6,2.9,123
23,6.9,7.5,2.3,108
26,7,7.2,0.8,637
26,6.6,7,1.1,670
26,6.6,7.3,0.7,541
26,6.2,7.3,0.8,609
26,7.1,7,1,538
26,7,6.7,1.1,528
29,6.7,7.3,1.1,2025
28,6.2,7.3,1,676
28,7.1,8.1,0.9,992
29,6.3,6.3,1.2,780
26,7.3,7.2,0.6,893
26,7,7.3,0.9,503
28,6.8,7.1,0.8,1169
29,7.4,7.2,0.7,255
28,1.7,6.6,3.4,1717
26,6.1,7.5,1.4,2686
26,6.6,7.2,0.8,660
25,6.6,7.2,0.8,810
29,6,6.7,1.2,680
29,6.6,6.8,1,626
28,0.6,6.7,4.1,1308
27,1.8,6.6,2,1410
25,7.1,7.2,1,608
26,3.9,7.6,2.5,7240
27,6.6,8,1.1,783
27,7,7.1,0.8,77
29,7.3,7,0.7,258
29,0.5,7.1,21.2,15833
29,7,7.4,0.9,1400
29,6.1,6.8,1.1,394
27,7,6.7,1.3,248
30,5.2,6.9,1.5,465
27,6.1,8,1.1,1572
27,6.5,6.9,1.8,1481
25,7.9,7.2,1.1,845
25,7.5,6.9,0.9,256
26,7,7.4,1,897
29,7.3,7.3,0.9,1788
27,7.5,6.9,1.6,1400
27,6.8,6.9,1.7,1260
27,5.8,7.3,0.9,343
28,7.1,7.2,0.8,184
26,6.8,7.1,0.7,3460
29,5.7,7.3,1.5,144
27,6.7,7.1,1.2,1739
28,7,6.9,0.9,278
29,6.5,7,1.3,175
28,6.6,7.3,1.4,1875
29,7,7.3,0.8,1813
26,6.3,7.2,0.8,880
28,6,7,1.1,493
28,4.4,7.1,1.5,722
28,4.5,7.2,1,537
28,5.1,6.9,2.1,1946
27,7.5,7.2,1.1,1134
28,6.8,7,1.3,2267
28,6.8,6.9,1.4,1785
28,5.9,6.8,2.2,1520
28,4.9,6.7,2.2,2200
28,6.8,6.9,1.4,1223
28,7.1,6.9,1.2,1636
26,6.9,6.6,1.1,542
28,6.5,6.3,1,323
29,4.9,6.6,2.1,1241
28,4.2,6.5,1.4,528
28,6.9,7.1,0.9,336
26,6.6,6.7,0.8,464
29,4.5,6.6,2.1,435
29,6.2,7.2,1.3,141
27,6.6,7.1,1.1,810
29,6.3,7.3,1.2,1813
27,6,7.6,1.1,362
27,6,7.8,1.1,343
20,5.8,7.4,0.6,1517
24,6.1,7.5,0.5,1458
28,6.4,7.1,2.3,398
27,7.1,7.4,1.9,995
32,6.7,7.2,1,70
30,6.8,7.1,1,137
22,7.8,7.9,1.5,15083
22,7.7,8.1,2,32017
24,6.9,7.6,1.6,5395
27,7.3,8,1.6,4348
26,6.8,8.1,2.6,5142
25,7.2,8.1,3.1,4586
28,8,8.3,1.4,4319
29,8.2,8,2,1116
26,7,8,1.8,3573
28,7.2,8.1,1.6,2324
31,6.8,7.8,2.1, 
25,6.5,7.9,3, 
25,6.9,7.4,3, 
25,6.8,8.1, , 
26,6,7.3, , 
27,6.8,7.5,2.1,589
23,7.3,7.6,1.9,89
25,7,7.7,2.2,131
26,6.7,7.7,3.1,300
29,7.2,7.2,2.1,91
24,7,7.1,1.9,118
24,7,7.5,1.7,87
29,7.4,7,15.6,174
29,7.2,7.3,2.9,123
24,7.1,7.4,1.8,90
29,7.2,6.9,3.8,104
26,6.7,7.6,3.3,249
27,6.7,7.6,4.1,251
32,0.2,7.2,185.8,300000000
 ,6.8,8,3.1, 
21,5.5,7.4,8.8,5500
24,5.5,7.4,25,63000
21,5.3,7.3,9.9,10000
24,5.1,7.4,21.9,57750
21,5.3,7.5,13.5,34750
18,4.9,7.4,17.5,40667
22,4.3,7.5,24.5,65000
22,4.8,7.4,26,55000
21,5.1,7.4,16,12000
24,5.3,7.4,26.9,66250
22,4.9,7.4,27.8,40500
22,5.2,7.4,20.5,29500
 ,6.4,7.9,21, 
 ,6.6,7.8,18, 
 ,6.4,8,19.5, 
33,4.8,7.5,2.4,4
20,7.7,7.4,1.2,19
20,7.3,7,1.4,22
20,7.1,7.7,1.5,23
20,3.3,7.5,185, 
18,6.2,7.5,41.5,235
24,6,8.3,1.4,16
19,5.9,7.3,1.5,12
23,6.4,8,1.2,21
24,5.9,7.9,1.5,14
23,7.3,7.4,2.1,46
28,8.5,7.5,2.7,31
29,8.9,7,1.9,45
30,8,7.8,2.1,51
30,7.5,7.7,1.2,54
28,8.5,7.6,2,16
29,8.4,7.5,1.9,75
30,8.7,7.2,3.2,52
29,6.5,7.7,8.2,114
28,8.6,7.5,4.6,39
28,8.9,7.5,1.2,33
30,9.8,8.4,1.2,10
28,7.6,7.5,1.3,30
29,8.7,7.6,1.2,60
28,8.4,7.4,2.4,48
29,8.7,7.6,2.5,59
32,8.2,7.4,1.9,46
32,8,7.2,1.4,80
30,8.4,7.6,1.5,20
29,9.4,7.8,1,16
31,8.1,8,2.4,73
29,8.1,8,1.8,26
30,8.7,7.6,2.6,24
29,8.7,7.6,1.9,58
30,9.2,7.6,1.9,30
29,8.3,7.7,2,48
29,5.9,7.1,6.6,522
30,4.3,7.4,12.3,412
29,8.2,7.1,3.3,12
28,11.1,7.6,3.6,32
29,7.4,7.1,2.7,55
28,8.2,7.6,2.1,31
29,8.5,7.5,3.6,41
28,11.4,7.2,1,20
29,8.9,7.6,1.7,30
30,9.3,7.6,2.3,41
28,9.1,7.3,3.9,67
28,7.9,7.3,0.8,38
29,8.7,7.4,2.2,36
30,8.1,7.3,2.2,56
30,8.2,7.4,2.2,39
25,7.7,7.2,1.8,50
25,7.6,7.2,2.5,45
25,9.9,7.2,1.5,55
24,7.6,7.4,2.1,408
22,5.5,2.9,6.8,33
16,7.6,7,1.3,27
17,7.7,7.1,1.4,22
23,8.3,7,1.7,33
25,6.9,2.6,3.2,21
25,7.7,6.3,2.1,326
25,8.8,7.3,1.5,35
25,7.3,7.3,2,36
20,7.5,7,1.7,40
22,7.8,7.1,1.6,33
20,7,7,2.4,2600
21,7.5,6.3,1.7,21
16,6.4,6.9,2.6,538
17,7.5,7.1,1.4,22
17,8,7.1,1.4,25
24,7.9,7.3,1.7,418
18,7.5,6.9,1.9,49
18,7.9,7.2,1.7,45
18,8,7.2,1.4,31
25,7.7,7.1,1.5,43
19,7.2,7.1,1.6,40
21,8.2,7.1,1.2,32
21,7.8,7.1,1.5,43
18,3.9,7.1,16.9,23000
18,4.9,7.1,14.2,15500
19,2.7,7.1,35.4,62667
19,2.5,7.1,37.2,87167
18,8,7,1.4,41
24,8.4,7.1,1.2,45
17,6.8,6.6,1.9,38
18,2.1,7,45.6,84500
19,4,7.1,22.4,45250
24,7.7,7.2,6.6,425
22,7.6,7.1,2,81
20,7.7,7.1,1.6,22
20,7.7,7.1,1.9,26
24,6.5,7.4,1,438
24,6.3,7.5,0.9,204
24,6.5,7.2,1.1,625
24,6.9,6.9,1.1,503
28,6.6,7.8,1.6,316
28,6.4,8,3.9,516
27,6.5,8,4.2,616
29.1,6.7,7.7,5,NAN
27,4.2,7.9,18,NAN
28.1,4.6,8,158.8,46
29.1,4.8,7.8,164,NAN
27.7,6.7,8.5,NAN,NAN
27.1,6.7,8.3,NAN,NAN
27.1,6.8,7.8,NAN,NAN
27.3,6.8,8.5,NAN,NAN
27,4.2,8.2,42,NAN
27.6,7.1,7.3,1.4,6
28.2,5,8.3,4.1,30
28,6.7,8,1.5,3550
28.5,5.8,7.7,2.5,6800
29.5,5.9,7.6,3.9,3200
27,7.6,7.7,10,77
29.5,6,7.7,3.6,2450
27,4.3,8.4,6.5,15
26.7,3.7,8.2,4.3,20
27,4.6,7.2,4,2300
26.8,6.2,8.4,1.3,NAN
28.7,6.8,6.5,1.1,178
29.3,6.6,7,1.1,113
28.8,6,6.2,1.5,166
28.3,5.9,6.6,1.1,169
25.8,7.3,6.1,0.9,169
28.3,7.3,5.9,1.5,163
27.8,6.7,6.3,2,149
26,6.8,6.2,1.6,151
27.8,7.1,5.9,1.8,131
26.3,7.4,6.2,1.3,133
25.7,7.3,6.2,1.2,137
29,7.3,5.9,1.3,173
26.9,6,5.9,1.8,171
27,6.1,6.5,2,149
27.5,6.2,6.3,1.8,135
28.3,7,6.5,0.9,166
29,7.3,6,1.6,181
28.2,7.1,7.9,3.3,137
NAN,7.1,7.7,4.4,NAN
27.4,7,8,3.5,105
27.3,7,8,3.3,93
28.5,5.7,7.4,6.3,541
28.4,5.9,7.6,4.9,63
28.4,7,7.7,3.8,285
28.9,6.2,7.4,5.1,401
28.2,5.9,7.8,6.8,228
28.9,7.2,7.9,3.2,282
27,3.2,7.4,46,1164
27.9,6.8,7.8,2.6,72
26.8,6.9,7.5,3.2,409
27.2,6.9,7.5,3.4,307
26.8,6.1,6.9,4.2,135
26.9,6.8,7.4,3.2,133
26.8,6.7,7.4,3.2,124
26.9,6.6,7.4,5,158
26.9,6.7,7.5,3.6,226
26.2,7.1,7.9,3.2,147
27.4,6,7.4,59.1,116
26.4,6.7,7.7,2.3,88
26.7,6.3,7.9,2.5,71
27.3,6.3,7.9,2.4,71
27.4,6.3,7.7,4.4,102
27.6,7,8.3,3.8,90
27.5,7,8.3,3.6,90
27.5,7.1,8.3,3.2,124
26.9,6.8,8.2,4.3,69
25.9,6.8,7.8,3.4,740
25.9,7,7.8,3.4,100
26,6.9,7.8,3.3,169
26.9,6.8,8.2,4,99
24.8,6.7,7.8,2.5,51
26.2,6.7,7.8,2.5,68
25.3,6.9,7.7,2.2,55
26.6,7.1,6.9,0.5,641
26.8,6.6,6.9,0.9,495
26.6,6.9,7.1,0.8,520
26.8,7.2,7,0.8,654
29.3,6.3,6.9,1.3,1325
25.4,7.2,7.4,0.9,2225
25.5,6.9,7.5,0.8,1725
26.6,6.5,6.9,1.3,1127
24.7,7.1,7.1,0.6,646
24.8,7.1,7.1,0.6,538
28,7.5,7.2,0.6,900
27.4,2,6.8,2.4,5425
26,5.6,7,1.2,1650
27.4,7.1,7,0.6,625
26.5,6.1,7,0.8,1150
28.4,6,7,1.1,370
28.8,6.5,7.5,0.8,585
26.7,1.5,6.6,3.6,2978
26.4,2,6.8,2.4,1275
26.5,7.2,7.1,0.6,687
25.5,4,7.5,1.1,1588
28,7.2,7.3,0.9,610
28,0.8,7.1,11.9,11000
27.9,6.4,6.5,1.3,960
28.1,6.3,6.8,1.2,208
28.6,5.4,6.6,1.6,775
25.3,5.8,7.8,1,1650
28.3,6.6,7.2,1.1,1412
26.1,7.7,7.2,1,148
24.3,7.1,7,0.4,218
26,7.3,7.2,0.6,465
28.5,7.8,7.1,0.7,1725
26.6,7.3,7.1,1.3,913
26.8,7,6.6,1.5,1000
28,6,7.2,0.7,1390
26.2,6.8,6.6,0.5,2025
28.5,5.6,7.1,0.6,675
26.5,7,7,1.1,1725
29.3,6.7,6.9,0.5,465
29.3,6.2,7.2,0.8,1303
27,7.3,7.2,0.8,985
27.3,7.6,7.2,0.6,1163
27.9,6.4,6.8,0.5,575
27.8,7,6.6,0.6,578
27.8,6.7,6.8,1.2,625
28.3,6.7,6.6,0.9,838
27.5,5.6,6.9,1.5,1925
26.3,7.4,7,0.9,1196
27,6.7,6.9,1,2750
27.4,7.1,7.3,1.5,1775
27,6.2,6.8,1.6,2725
27.4,5.2,6.8,1.8,2650
27.3,6.8,6.9,1.1,1258
27,6.8,6.9,0.9,198
27.8,6.2,6.6,0.7,1630
28.4,4.5,6.5,1.1,2675
28.8,4,7,0.9,233
28.8,7,7.4,1,660
25.9,6.5,6.8,0.5,1026
28,4.6,6.9,0.6,348
28.5,6.6,7.3,0.6,2210
28.8,7.1,7,1,1700
27.6,6.2,7.5,1.1,528
27.6,6.2,7.7,1.3,312
28.3,7.3,7.1,2.9,185
27.5,7.7,7.4,1.4,1255
30.5,6.5,7.3,1,420
29.5,6.9,7.4,1,409
22.3,7.5,8,1.9,6858
22.3,7.2,8,3.7,14725
25,7,7.6,1.6,2743
25.9,7.5,7.9,1.5,3542
25.9,7.1,7.7,2.3,6692
24.8,7.4,8,1.7,6617
27.5,8.1,8,2.3,4569
28,7.8,8,2.1,739
25,7.4,8,1.5,2872
25.8,7.2,8,1.4,1850
26.8,6.5,8.1,1,NAN
31,3,8.1,NAN,NAN
32,6.9,8.2,NAN,NAN
31,6,8,NAN,NAN
28,4.8,7.7,NAN,NAN
28.4,6.3,7.6,1.8,2020
24,7.4,7.6,1.2,NAN
NAN,6.9,7.8,3.4,NAN
24.8,5.8,7.2,8.5,4838
24,5.6,7.4,15.3,41500
25,5.4,7.3,10,8975
23.3,5.7,7.3,14.3,52500
25.8,5.7,7.5,24,17625
25.8,3.5,7.4,20,14500
25.8,3.2,7.6,27.3,40250
26,4.7,7.3,32.8,42875
26,4.8,7.4,16,8025
24.4,5.3,7.5,18.3,63500
23.4,5.6,7.5,34.5,60000
24.3,5.4,7.4,22,35000
17.7,6.1,6.8,14.7,NAN
17,6.1,6.8,14.7,NAN
17.3,6,7,15.3,NAN
28,4.8,7.9,3.2,62
32,5,7.3,2.8,20
21.4,8.3,7.6,1,16
22.3,8.2,7.7,1.2,20
18.3,3.1,7.8,195.4,NAN
22.8,8.3,7.6,1.2,20
21.8,5.5,7.6,7.6,166
26.9,5.1,7.8,1.7,23
27.3,5.3,7.8,1.7,NAN
19,8.7,7.1,4.9,10
26,5.1,7.2,1,10
19,10,7.4,0.6,5
21.8,5.9,7,1.6,74
22.3,6.1,7.3,1.4,63
22.3,5.6,7.1,1.4,175
22.3,4.7,7,1.9,42
23,5.5,8.6,4.5,113
23,6.8,6.8,1.5,23
23,7,7.4,1,5
23,7.3,7.8,1.2,10
22,5.5,7.3,1.2,75
22.3,4.7,7.4,1.6,140
27,4.9,7,1.2,10
30,5.8,7.8,6.2,95
23,5.8,7.4,1,37
23,6.2,6.9,2.1,8
22.7,5.5,7.7,1.2,202
23,5.1,6.9,2.3,33
23.5,5.2,7.1,2.8,20
23,4.6,7,2.8,18
23.5,5.6,6.6,1.9,23
23,1.9,6.8,15.3,1075
23,2.5,7.1,16.7,682
22.5,5.5,6.9,2.8,10
23,6,7,4.2,10
22.5,4.9,6.9,3.6,25
20,4.8,7,2.8,NAN
22.7,5.4,7.2,1.1,78
26,6,7.5,1.1,10
19,5.6,7.1,4.4,15
22.5,5.7,6.9,2.3,53
18.9,9.9,7.1,1,35
21,6.1,7.6,4.5,25
22.5,5.1,6.9,2.5,10
23,3.8,7,3,23
24.4,7.8,7.2,1.9,359
21.8,6.5,3.1,6.1,47
20.8,7.3,7,2.2,2633
25.2,7.8,7.1,1.9,409
24,7.7,7.1,7,461
23.4,8.1,7.1,1,12
23.4,8,7,1.1,18
23.2,6.9,7.2,1.1,37
23.3,6.8,7.1,1.3,29
28.4,6.6,7.8,1.8,340
28.6,6.3,8,3.4,528
28.5,6.6,7.9,4.4,648
29.9,5.6,7.5,25,5
29.9,3.7,7.5,13.5,NAN
29.8,4.7,7.6,21.5,NAN
30.2,5.8,7.8,NAN,NAN
29.7,6.6,7.7,NAN,350
30.1,6.6,7.4,NAN,NAN
30.3,6.2,7.8,NAN,NAN
29.8,5.8,7.7,NAN,4
26,5.1,8.1,3.7,7500
27,7.1,8,2,15000
27,6.8,8.2,3.1,23000
29.3,8.1,7.6,8.6,108
28.4,6.2,7.8,2.7,6581
32,NAN,7.2,46,330
28.3,3.2,7.7,6.3,9575
29.3,6.6,6.5,1.8,53
28.8,6.6,6.6,1.5,98
29,6.3,6.6,1.8,140
28.8,6.4,6.4,2,153
27.3,6.9,6.2,1.7,117
28.3,7.2,6.1,2.6,123
29,6.9,6.6,1.9,173
27.6,7,6.3,1.6,139
28.8,7.6,6.2,1.1,160
28.3,7.1,6.2,1.4,141
27.8,6.8,6,1.9,136
28.5,7.1,6.2,1.4,119
28.1,6.3,6.2,1.5,157
29,6.2,7,1.8,173
29.5,6.2,6.8,1.7,145
30.2,6.9,6.5,1.4,107
28.3,6.7,6.2,0.9,187
28.7,6.8,7.9,3.5,517
26,7,7.7,3.2,17
NAN,6.9,7.3,3.4,NAN
NAN,7.4,7.2,3,NAN
24,7,7.4,4,350
32.1,5.5,8.1,8.4,69
30.3,6.9,7.5,3.6,582
30.1,6.4,7.4,37.8,728
28.8,5.2,7.9,9.5,253
28.7,6.9,7.4,3.5,659
29,3.4,7.4,31.5,1767
28.5,7.4,8.1,2.2,75
27.7,6.7,7.4,3.7,820
28.6,6.6,7.5,3.9,381
27.1,6.1,7.3,5.1,212
27.1,6.6,7.4,3.6,361
27,6.5,7.3,3.8,261
26.8,6.7,7.3,3.4,318
26.8,6.6,7.4,3.7,217
26.4,6.8,7.7,3.6,109
22.1,6.3,7.5,2.9,101
22.3,7.1,7.4,2.2,80
22,6.7,7.5,2.5,113
22,6.6,7.5,2.4,113
22,6.7,7.8,2.4,90
28.2,7.1,7.7,3.1,92
28.2,7.1,7.9,3.1,86
28.3,7.1,7.8,3.3,83
NAN,7.2,7.5,4,NAN
26.3,6.4,7.7,3.6,592
26.1,7,7.7,3.4,359
26,6.6,7.6,3.4,243
NAN,7.5,8.2,3.5,NAN
27.6,6.9,7.5,2.2,71
27.6,6.8,7.7,2.3,74
27.3,7,7.7,2.1,64
27.4,5.2,6.6,1.5,4613
27.3,7.2,6.8,1.1,3483
26,7,7.1,0.5,617
26.2,7,7.1,0.6,455
27.5,7.2,7,0.6,522
28.1,6.7,6.9,1.2,2193
28.2,6.5,6.5,1.1,3080
27.6,0.6,7,14.1,17500
28,6.6,6.8,0.9,913
24.3,6.8,7.3,0.6,935
25.8,7.3,7.4,0.6,430
27.8,6.5,6.7,1.2,4823
26.3,7.2,6.5,0.9,1825
28.5,7.4,6.9,0.9,1455
29.3,6.5,6.5,1,900
27.6,6.6,6.9,0.9,650
28.1,7.1,7,1,1485
27.8,7.5,6.8,1.3,540
28.1,5.4,6.7,0.9,810
26.6,7,6.9,0.7,900
27.8,7.1,6.9,0.6,583
29.3,6.5,6.7,0.9,800
28,6.7,6.6,0.8,900
23.8,7.1,6.8,0.6,198
26.3,6.9,7.1,0.5,373
27.9,6.7,6.8,1,250
28.4,6.2,7,1.4,1600
27.1,7.5,7.3,0.8,2225
28.5,7.6,7.3,1,2180
28.1,2.2,6.4,2.3,6505
26.4,7.4,6.7,0.7,1088
27.1,7,6.8,0.7,640
26.9,5.3,6.9,1.3,685
28.6,6.3,7,0.7,535
27.9,6.7,7,0.5,433
28.4,6,6.4,1.4,303
29,4.2,6.6,1.7,385
28.8,5.1,6.7,1.9,713
27.8,5.3,6.4,1.1,788
28.5,6.9,7,0.9,803
26,2.8,7.4,1.6,2300
26.5,5.3,7.2,0.9,2650
28.4,6.5,5.8,0.4,520
28.1,6.9,6.1,0.6,183
26.8,7,6.6,0.8,418
28.6,5.6,6.4,1,278
28.1,6.8,6,0.5,910
29,6,5.9,1,195
28.8,6.3,7,1.4,1400
28,6.5,7.6,1.1,354
27.4,6.4,7.7,1.1,357
28.8,7.3,7.3,4.2,185
30.8,6.8,7.8,1.9,460
28,7.5,8.1,2.1,5850
27.3,7.7,8.1,1.6,4450
29,7.6,7.9,1.4,1985
24.5,7.5,7.9,1.8,2425
24.8,7.4,7.7,1.9,2675
25.3,6.7,6.9,1.2,1823
26.8,7.1,7.9,1.4,2098
29,6.7,7.9,1.1,1510
29,7.4,8.8,2,NAN
28,6.4,8.3,2,NAN
28,6.9,8.8,4,NAN
28,6.3,6.6,NAN,NAN
24.8,7.4,7,1.6,118
27.2,7.2,6.8,1.8,148
27.3,6.6,7,2.5,374
28.4,6.9,7,1.9,157
26.8,7,6.9,1.7,144
25.2,7.2,6.9,1.5,128
28.4,6.9,7.2,2.3,196
28.2,6.4,7.6,3.3,379
24,7.6,6.6,2,140
29,6.9,7.2,1.9,170
25,6.8,6.7,2.1,500
25,6.6,6.9,2.3,280
15,6.5,7.6,18,NAN
23.5,6.1,7.8,16,NAN
NAN,6.5,8.4,2.7,NAN
15,6.9,7.8,18,NAN
20.3,5.6,6.7,10.8,7500
20,4.9,6.8,26.5,46250
20,4.9,6.6,13.1,9500
19.8,5.2,6.7,28,57500
32.7,3.3,7.9,1.3,12
34.5,4.9,8,1.2,8
19.8,5,6.9,25.5,48750
27,4.8,7.8,534.5,5000
20.5,4.7,6.7,25.3,47500
20.5,5.4,6.8,15.4,21750
20.5,5.1,7.6,26.5,49250
21,4.2,7.6,31.8,46500
20.3,4.8,6.6,15,10500
20,4.5,6.6,30.3,42750
20,4.7,6.7,26.8,31500
21.3,5.2,7.3,0.9,9
22.1,7.8,8.2,1.2,32
22.33,6.7,8.12,1.53,29
21.5,8,8.1,0.8,25
24,4.88,7.94,2.65,165
22,5.67,7.02,1.67,22
24,6,6.9,2.23,91
23,6.15,7.45,2,222
23,2.7,7.35,8.45,636
24,2.98,7.52,5.53,531
24,5.48,7.42,2.08,136
23,5.13,7.46,2.23,211
25,7.85,7.13,6.68,488
24,6.58,6.5,5.93,60
20,7.58,7.03,2.08,2900
24,8.23,7.05,1.4,323
25,8.23,7.38,1.55,360
22,6.6,7.3,1.3,242
22,6.8,7.2,1.5,97
23,6.8,7,1.5,45
23,6.4,6.7,1.4,205
28,6.5,7.7,1.6,390
28,6.2,7.7,3.5,592
29,6.3,8,4.2,686
28,7.3,7.4,0.7,12
29,6.5,7.5,16.4,37
30,6.1,7.3,12.5,902
30,6.3,7.4,136,698
30,5.9,7.5,56.5,1800
30,6.6,7.8,NAN,1800
30,6.2,7.4,8,1075
30,6.7,7.7,4,947
33,6.8,8,21,1800
30,5.9,7.4,12,607
28,7.3,7.4,0.7,12
30,5.7,8,7.4,28666
30,4.7,8.3,3.7,21333
28,5.8,7.8,3,25000
30,2.5,7.5,6,85
30,6.1,8.1,3.2,23625
30,0.6,7.1,36.5,15425
27,3.2,7.8,5.8,1366
30,4.2,8.2,6.7,21500
28,2.9,8.3,5.6,148
29,5,7.7,3.1,114
31,7.2,6.3,1.6,17
29,5.5,7.8,1.3,5
30,6.2,6.9,1.3,17
29,6.5,6.8,2.3,8
24,8.1,7.7,2.6,130
27,7.8,6.4,2.3,70
27,7.8,6.4,2,17
28,7.2,6.5,1.6,46
27,4.2,7.6,0.7,8
26,6.5,6.4,1.6,13
28,7.4,6.9,2,10
28,5.4,7,1.7,48
27,6.6,7.2,1.9,175
29,5.1,7.5,2.3,1754
29,7.3,6.8,2.5,162
28,7.2,6.9,2.2,206
28,7,6.8,3,126
28,5.5,7.7,7.6,800
29,6.9,7.6,3.8,309
29,6.9,7.7,3.9,280
28,6.7,8,3.6,143
26,6.9,7.3,3.8,257
29,6.8,7.5,3.8,199
29,6.9,7.3,2.2,56
34,3.3,7.6,19.4,1536
32,5.4,7.2,11.7,512
22,6.2,7.2,2.5,127
26,7,7.4,3.8,375
35,6.6,8.1,3.9,345
28,8.1,6.3,1.1,690
27,6.9,6.8,0.8,1487
27,6.9,6.9,0.5,703
26,6.7,6.9,0.6,715
27,7.3,7,0.7,445
28,6.7,6.7,1.3,1025
29,6.5,6.6,1.2,679
26,0.7,6.6,12.5,59417
27,6.9,6.5,1,1083
28,6.4,6.6,1,603
26,7.2,6.7,0.8,1400
29,6.8,7.1,1.5,485
28,6.1,6.7,0.9,1113
27,6.8,7,0.6,434
28,7.1,7,0.8,890
27,7.4,6.6,0.7,1425
26,6.4,7,0.8,493
26,7.2,6.7,0.9,2150
27,6.2,7,0.6,505
29,6.1,6.7,1.4,1450
28,6.6,6.5,0.8,650
26,6.9,6.7,0.3,180
27,7.3,6.5,0.5,400
28,6.2,6.6,1,360
29,5.2,7.1,1,918
28,7.4,7,1.1,1933
28,7.6,6.7,1.1,963
28,2.9,6.3,2,913
26,6.6,6.7,0.7,1655
26,6.4,6.7,0.7,1630
26,5.4,6.6,0.9,1913
27,6.2,7,0.9,289
27,6.9,7.1,0.5,246
28,6.7,6.5,0.9,500
28,5.7,6.7,1.9,473
28,6,6.9,1.8,500
28,5.2,6.1,1.1,820
28,7.4,6.4,1.2,720
27,3.5,7.3,1.3,1290
27,6,7.1,1.1,1465
28,6.4,6.1,0.7,425
27,6.6,6.3,1,385
27,7.1,6.4,0.9,275
28,6.4,7.1,0.8,195
28,7.3,6.2,0.9,340
29,6.8,6.5,0.8,100
28,6.4,6.7,2.2,1055
27,5.8,6.5,1.5,2788
28,5.2,7.2,1.2,2275
27,7.7,6.8,0.9,2257
28,5.7,7.2,1.4,2785
25,6.7,6.3,1.2,2807
28,6.4,6.4,1.2,303
27,6.2,7.6,0.4,1400
27,6.8,7.5,0.4,918
27,7.1,7.6,0.5,1675
28,5.9,6.7,1.7,428
28,5.8,6.5,1.5,876
29,4.7,6.6,1.8,1083
28,6.5,6.6,1.2,689
28,1.4,6.2,2.2,882
28,1.5,6.3,1.5,1225
28,7,7.5,1.1,83
30,7.7,8.1,1.9,3025
30,7.5,7.9,1.3,868
28,7.2,8.2,1.7,4275
28,7.6,8.1,1.5,4175
28,7.3,8,1.3,2175
27,7.4,8,1.9,5975
27,7.2,7.7,2,2750
29,7.2,7.8,1.3,690
28,7,8.1,1,1525
29,7.4,8.1,1.7,1105
33,7.7,7.8,4,NAN
33,7.1,7.6,3,NAN
33,6.8,7.4,7,NAN
28,5.1,8.4,3,NAN
21,7.6,7.9,2.6,NAN
24,7.4,6.8,1.3,208
28,7.5,6.7,1.3,176
28,6.9,6.8,2.4,357
30,7,7,1.5,191
27,7.2,6.7,1.6,167
26,7.4,6.7,1.6,150
29,7.5,7.2,2.1,338
26,6.7,7.4,2,253
27,7,7.2,9.5,189
28,6.4,7,1,507
29,6.6,7.1,1.5,544
28,6.5,7.9,0.9,32
22,6,7.3,6,4950
21,4.9,7.4,14,75000
22,6.4,7.1,8.5,NAN
20,5.6,8.1,11.5,NAN
22,5,6.7,7.5,9000
21,5.6,7.3,14,70000
20,5.7,7.4,9.5,25500
21,5.3,7.4,10,52500
21,4.8,7.4,19,75000
23,2.9,7.3,13,27500
21,4.5,7.2,10.5,12000
20,4.8,7.5,10,70000
24,3.1,7.6,11.5,75000
25,3.1,7.6,10,62500
28,1.9,8.4,354,NAN
28,7,7.8,2.5,NAN
16,7.2,6.2,8,NAN
22,5.475,7.82,6.9,249
23,4.8,7.3,0.8,7
23,7.6,7.5,1.5,153
23,8.4,7.4,1.4,36
23,9,7.8,1.3,77
25,8.7,7.4,1.5,132
25,1.9,7.3,9.9,525
25,7.7,7.3,10.4,603
25,7.9,7.6,1.3,115
26,8,7.6,2.5,85
25,7.4,7.6,1.8,148
23,8.3,7.7,2,75
18,9.6,7.1,4.4,460
19,8.8,7.2,0.9,205
24,7.4,7.8,0.9,295
24,7.5,7.8,1.2,56
26,8.1,7.8,1.3,33
26,7.9,7.5,1.8,90
28,6.6,7.7,1.3,322
29,6.3,7.6,2.8,577
28,5.7,7.8,3.4,608
21,6.4,7.025,3.175,2925
25,8.35,7.125,1.525,355
24,8.45,6.95,1.2,312.5
NAN,NAN,7.6,NAN,NAN
25,7.2,7.8,0.28,50
25,4.9,7.4,9.7,29
27,5.1,7.8,2.73,137000
28,6,8.2,2.28,68650
30,6.1,8.1,1.9,38667
27,1.1,7.8,7.67,77
29,6.8,8,2.8,49061
25,4.5,7.6,7.43,259
25,6,7.3,5.58,31
30,0,7.1,46,9000
28,2.8,7.9,5.93,358000
29,5.6,8,2.13,1693
28,4.1,7.9,16.5,116
29,6.3,7.9,1.83,188
30,6.6,7.8,2.25,13
28,6.8,7.1,1.65,33
27,6.5,7.5,4.55,44
28,7.1,8,1.25,7
26,7.6,7.3,0.95,350
26,7.4,7,2.45,809
27,7,7.3,1.5,42
29,5.4,7.3,1.8,2400
28,6.7,7.2,1.4,22
28,6.8,6.9,1.9,53
25,5.6,6.8,1.9,137
28,5.2,7.2,1.65,144
26,6.2,7.1,2.1,2400
31,3.6,7,2,170
30,6.8,7.2,2.6,110
28,8.1,7.1,3.2,5400
26,6.3,7.6,3.67,781
27,6.4,7.6,3.4,316
27,5.9,7.2,4.04,223
25,5.3,7.7,3.25,296
26,6,7.8,5.43,1050
22,6.6,7.2,4.5,737
22,6.8,7.2,3.9,1036
27,6.7,7.6,4.13,624
29,5.2,7,16.3,1008
21,6.9,6.6,1.96,104
32,0.7,7.3,45.6,1259
23,6.8,6.6,2.13,106
29,6.2,6.5,1.5,816
28,7.3,6.6,0.6,1056
28,6.4,6.7,1,1179
28,5.1,6.8,1.6,1680
28,6.8,6.7,1.3,1748
27,6.3,6.3,0.9,2865
28,7.2,6.7,1.1,753
27,6.8,6.9,0.4,508
27,6.8,7,0.4,427
29,7.7,7.2,1,452
29,7.1,6.8,1.5,681
29,6.6,6.3,1.2,935
26,1.8,6.8,5.5,31167
26,6.7,6.2,0.6,1100
26,5.8,6.3,1.1,1200
26,5.1,6.3,1,1600
26,6.6,6.2,0.6,925
27,6.6,6.4,0.7,975
27,6.7,6.4,0.5,1175
26,6.6,6.3,0.6,1010
27,5.9,6.4,0.7,985
27,7.6,6.7,0.7,1575
27,6.5,6.7,0.8,775
29,7.3,7.4,0.7,940
27,6.3,6.7,0.7,702
26,6.9,6.6,0.4,28
27,6.8,6.7,0.4,150
29,5.9,7.1,0.7,393
28,6.4,7.1,1,1865
28,7.3,6.7,0.9,920
28,7.6,6.6,0.5,503
30,2.4,6.7,2.1,660
27,7.1,6.8,1.2,1600
27,6.4,6.7,0.5,3200
27,3.5,6.9,0.7,800
28,7.4,7.3,0.8,920
28,6.8,6.9,0.9,470
27,5.5,6.5,1.9,2100
31,5.4,6.5,4,680
30,4.8,6.8,1.1,1090
28,5.8,6.3,0.7,1500
27,7.3,6.6,0.4,883
28,5.8,7.5,0.8,1000
28,6.2,6.7,0.5,1100
27,7.3,6.1,0.7,1050
27,7.6,6.3,0.5,2588
25,7.7,6.6,0.3,1300
28,5.4,5.9,0.8,1375
28,7.4,6.1,0.9,1050
28,6.6,5.9,0.7,1725
28,6.5,6.5,0.7,1850
27,7.2,5.9,0.8,1500
29,6.3,6.5,1.1,1550
27,7.6,6.6,0.6,3000
27,7.3,6.5,1.4,2850
27,7.5,7,0.8,2800
26,4.4,7.3,0.4,1090
27,6.8,7,0.4,560
29,1.7,6.2,3,2208
29,3,6.1,2,1240
28,6.9,7.8,0.89,5874
32,7.7,8.1,1.83,3175
32,6.8,7.8,1.65,775
28,7.5,8.2,2.5,4300
26,7.6,8.1,1.35,3200
26,7,7.6,0.25,NAN
25,7.6,6.6,1.15,180
27,6.8,6.6,1.88,253
28,6.8,6.7,2.14,402
28,6.9,7.1,1.78,200
27,7.3,6.6,1.27,150
26,7.4,6.7,1.03,173
28,7.2,7.2,2.28,415
27,6.8,7.6,2.25,699
26,6.9,7.3,4.33,858
29,7,7.3,1,707
31,7,7.3,1,81
30,7.7,8.1,1.1,10
23,8,8.2,0.5,26
24,3.8,7.8,155.6,NAN
23,4.9,7.8,3.5,375
20,5.9,7.2,5.4,21000
21,5.3,7.4,27,217500
30,6.7,6.9,17.1,NAN
30,6.2,7,22.3,NAN
21,5.7,7.3,10.7,45500
21,5,7.2,26.1,135000
20,5,7.3,7.4,90000
20,5.1,7.2,13.5,122500
21,4.5,7.2,23.8,232500
21,4.4,7.2,18.1,70000
20,4.5,7.4,22.7,78333
21,5.2,7.5,28.5,155000
21,5.5,7.6,27.8,392500
21,5.6,7.6,25.8,712500
25,6.4,7.9,4.1,NAN
31,6.8,7,25.3,NAN
21,5.4,7.8,1.7,6
27,7.9,6.7,1.2,135
26,6.2,7.3,1.8,113
27,8.2,7.6,1.9,135
28,6.6,7.4,1.2,91
26,7.9,7.8,0.8,73
29,9,8,1.8,155
28,NAN,8,NAN,NAN
30,9.6,7.6,NAN,30
27,3.2,6.8,26,633
28,5.5,7.5,24,383
19,5,3.2,7,33
26,7,7.8,0.65,3
26,7.2,7.8,0.93,3
25,6.6,8,0.98,6
25,6.7,7.9,1.03,8
28,6.1,7.7,1.36,350
29,5.4,7.3,2.67,510
28,5.8,7.8,2.93,588
NAN,NAN,7.6,NAN,NAN
25,7,7.7,0.4,42
25,4.8,7.5,8.8,65
27,4.9,7.7,3.6,32750
28,6.4,8,2.4,22825
29,6.7,7.9,2.9,21000
28,5.7,7.6,4.2,57
30,6.2,8,3.1,16500
26,4.8,7.6,10.4,148
27,6.2,7.4,3.6,41
27,NAN,7.5,359,14
27,4.2,7.8,4,50250
30,6.8,7.5,2.5,1114
29,6.5,6.9,1.5,1331
29,6.5,7.1,1.6,2056
29,6.4,7.7,2.3,1287
27,7.2,7.2,1.6,2887
28,7.2,6.8,2.1,10403
28,7.4,7.1,1.4,1010
28,7.2,6.9,1.3,1938
29,7.4,7,2,1451
28,6.3,6.6,1.6,3293
26,6.4,7.3,4,753
27,6.7,7.4,3.9,644
28,6.6,7.5,3.7,169
28,5.7,7.2,5.3,456
25,6.4,7.1,3.9,400
25,6.6,7.2,3.9,1146
22,6.2,7.3,4,638
28,5.5,6.6,1.7,668
27,7.5,6.8,0.8,738
28,6.7,6.8,1,804
28,6.9,6.7,0.5,1242
28,6.8,6.9,0.5,813
29,7.4,7.2,1.1,641
28,7.2,6.8,1.5,556
29,6.8,6.6,2,635
28,0.8,6.8,7.4,20733
26,7.1,6.1,0.6,1975
26,5.9,6.2,0.5,1775
26,5.1,6.2,1.1,2000
26,6.7,6.2,0.7,2100
26,5.8,6.2,0.6,1625
26,6.4,6.2,0.7,1900
26,6.6,6.3,0.6,1442
26,5.4,6.2,0.7,1825
28,6.7,6.7,1.3,3050
27,6.4,7,1.4,5725
29,6.3,7.1,1,1080
28,6.2,6.5,0.8,2550
28,6.9,6.4,0.5,285
27,6.8,6.5,0.5,435
28,6.6,6.9,0.7,963
28,7,7.2,0.3,550
28,7.5,6.9,0.5,685
28,7.4,6.8,0.3,725
29,2.8,6.6,2.3,645
28,6.2,7.6,0.5,24583
30,7.9,7.9,2.1,2700
28,8.1,8,1.7,463
30,7.2,7.7,1.2,1793
32,6.7,7.6,1.5,3133
29,7,8.1,3.5,NAN
26,7.5,6.5,1,319
28,6.8,6.5,0.9,233
29,6.8,6.5,1.8,507
32,7.8,7.2,1.9,249
28,7.2,6.4,1.2,165
27,7.4,6.5,1.5,189
31,7.6,7.1,2.5,443
28,6.8,7.2,2.1,348
27,7.3,7.3,2,998
28,6.9,7.2,1,55
29,7,7.2,1,16.5
22,7.9,7.9,2.5,24
18,3.9,7.9,74.8,NAN
24,4.9,7.6,19.6,718
20,7.4,7.5,2.1,10775
21,6.1,7.8,8.1,162500
24,4.9,8.1,26.3,NAN
26,4.5,8.3,25.3,NAN
21,6.7,7.6,7.4,78750
21,6.3,7.7,7.3,125000
22,6.4,7.7,4.2,440750
22,6.5,7.7,9.8,105000
21,6.4,7.8,13.8,227500
22,6.3,7.7,8.2,622500
21,6.2,7.6,3.7,49000
21,6,7.8,9.6,117500
21,5.9,7.8,11.1,222500
21,5.9,7.7,10.4,967500
22,6.5,8.2,2.2,NAN
25,6.6,8.2,26.3,NAN
29,NAN,7.2,50,NAN
30,NAN,7.4,50,NAN
29,1,7.3,49.7,NAN
19,5.6,7.4,2.2,16
25,6.7,7.9,0.4,3
25,6.5,7.9,0.6,3
24,7.3,7.8,0.5,NAN
24,7.7,7.9,0.4,15
23,6.2,7,1.6,102
23,6.4,7.4,2.1,58
23,6.4,7.6,1,36
23,7,7.6,2.4,137
23,3.6,7.2,4.9,383
23,3.7,7.5,4,394
24,7.1,7.3,2,89
23,7.1,7.2,2,60
22,5.8,7.6,1.7,118
24,8.4,7.9,0.8,180
20,8.1,7.2,5.4,373
18,6.1,3.1,5.5,45
16,8,7,1.7,2067
19,5.4,7.2,1.7,278
18,7,7,1.7,375
27,5.2,7.4,1.4,280
27,4.7,7.4, ,440
27,5.4,7.4,3,565
23,6.9,7.2,1.5,119
NAN,NAN,7.61,NAN,NAN
25,7.102,7.945,1.525,50
25.5,3.487,7.015,9.2,1400
22,5.35,7.935,4.7,15000
25.5,7.05,7.995,4.7,33500
29.667,6.5,8.14,5.3,2400
25.5,NAN,7.885,15,10
29,5.6,8.173,4.6,6867
26.5,6.085,7.695,3.2,1550
26.5,6.055,7.605,4.3,140
28,NAN,7.215,431.5,8
27,7.93,8.32,1.46,5
25.667,4.9,7.943,3.1,2367
27.75,6.625,7.725,2.175,60
27.75,5.175,6.95,1.5,255
30,6.4,7.45,2.025,4073
28.25,6.2,7.9,1.575,85
26.667,7.4,6.733,1.7,160
28.75,7.6,6.775,1.3,3275
28,7.35,7.1,1.425,285
28.25,7.675,6.875,1.025,96
27.25,7.125,7.55,1.725,106
28.5,7,6.725,1.575,5425
27.714,6.543,7.229,4.014,187
28.714,6.7,7.307,3.857,162
28.667,7.1,7.507,4.633,152
26.667,6.333,7.277,5.4,207
26.714,6.471,7.379,3.729,174
28.286,6.371,7.061,4.5,292
19.333,6.7,7.44,4.4,305
29.083,6.2,6.457,1.757,541
27.417,7.286,6.586,1.071,470
27.286,6.525,6.5,1.313,844
28.6,6.917,6.95,0.467,433
28.667,6.8,7.043,0.414,473
27.786,7.075,7.25,0.988,384
28.143,7.013,6.712,1.4,485
27.5,6.787,6.65,1.637,574
28.571,4.1,6.775,6.788,3100
27,6.9,6.8,0.733,2500
26.5,6.867,6.833,0.633,2400
26.25,6.467,6.6,1.033,2733
26.75,6.667,6.933,0.933,3300
26.75,6.967,6.933,0.833,2233
26.5,6.733,6.867,0.933,2233
27,6.714,6.957,0.671,2171
26.75,6.733,6.733,0.9,2833
28,7.233,6.867,1.1,2300
27,6.233,6.9,0.867,2233
28.5,6.867,7.067,0.533,455
28.5,6.433,6.667,0.6,967
29,7.033,6.533,0.533,740
28.75,6.633,7.067,0.633,800
28,6.833,7,0.7,583
29.5,6.333,7.167,0.7,447
28,7.033,7.033,0.267,1260
28.5,7,7.133,0.7,933
29,3.5,6.567,2.133,443
28.857,6.243,7.253,0.857,21469
21,6.9,8.2,2.8,2200
24,7.8,8.5,0.6,3500
33,7.3,8.6,0.9,NAN
27.5,7.95,6.565,1.5,66
29,5.8,6.6,1,58
31.25,6.975,6.725,1.5,98
NAN,5.35,7.19,1.325,31
30,7.525,6.61,1.5,26
29,7.15,6.56,1.1,73
NAN,4.325,7.045,2.075,109
27.5,6.925,7.633,2,570
27.25,6.825,7.125,3.667,771
26.667,6.7,7.267,1.333,41
26.333,6.75,7.3,1.667,47
21.25,5.87,7.84,4.35,NAN
17.667,6.033,7.367,3.267,6867
16.5,5.1,7.85,12,36500
18,4.867,7.367,12,27667
17.333,4.833,7.533,13.333,30000
17.5,5.1,7.367,6.933,43067
15,6.8,7.3,5.4,9250
17.5,4.2,7.367,14.667,83667
18,5.533,7.3,9.333,88333
17.5,5.2,7.3,6.267,54067
18,4.2,7.733,21,76667
18.333,4.033,7.667,21.333,148667
18.667,4.133,7.633,20.333,110333
18,5.35,7.55,17,NAN
19,4.05,7.85,16,NAN
17.5,6.25,7.9,14,NAN
18.5,6.65,7.875,43,16900
19.5,7.2,9.01,4.6,23
22,6.27,7.89,149.75,NAN
20,6.1,7.1,3.1,14
26,0.6,7.3,87,NAN
27,NAN,7.9,130,NAN
27,NAN,7.1,126,NAN
16,7.2,7,5.2,180
15,4.6,3,6.2,49
10,8.8,7,1.6,2800
11,10,7.1,1,350
12,9,7.3,1.8,280
23.667,7.767,7.543,0.5,NAN
23.7,7.167,8.143,0.6,NAN
23.767,8.533,7.857,0.4,NAN
23.667,8.867,7.793,0.5,NAN
28,5.6,7.65,1.758,18417
NAN,NAN,7.76,10.825,NAN
NAN,NAN,NAN,1,37000
NAN,NAN,NAN,112,6400000
26,7.2,7.84,1.764,230
27,5,7.22,19.663,13525
29,6.2,8.11,11.333,18810
27,7.2,8.07,4,280
28,6.2,7.98,5,50350
28,3.9,7.92,14.847,36
29,7.2,7.42,4.632,118311
28,6.9,6.44,2.304,116
29,7.8,6.69,2.754,140
29,6.7,7.35,1.893,148
28,8.3,6.68,2.503,155
28,8.1,6.18,2.375,155
29,7.7,6.55,2.242,164
29,8.6,6.56,2.423,155
28,7.7,6.45,2.144,142
28,7.4,6.07,1.681,140
NAN,7,8.16,4.165,27550
NAN,5.9,7.36,6.1,4600
27,4.1,7.57,7.08,1993
27,3.9,5.27,441.8,10
NAN,5.7,7.62,2.12,6000
NAN,6.1,8,5.64,38428
14,6.2,7.88,9.75,1100
19,6.3,8.05,13,75
27,7.1,7.2,1.6,95
28,7.4,7.27,1.333,37
28,7.3,7.3,4,58
NAN,5.9,6.6,1.755,387
NAN,7.4,6.68,1.164,298
NAN,7.1,6.75,1.325,378
NAN,6.8,6.92,0.458,353
NAN,6.8,6.98,0.475,466
NAN,6.8,7.03,1.117,624
NAN,7.2,6.76,1.692,357
NAN,6.2,6.63,1.275,360
NAN,6.6,6.77,1.383,3383
NAN,6.9,6.95,0.625,3100
NAN,6,6.75,0.975,3600
NAN,5.4,6.85,1.075,8375
NAN,6.7,6.93,0.675,4200
NAN,6.9,6.85,0.575,3400
NAN,6.5,6.98,0.575,2600
NAN,6.8,7.06,0.567,2825
NAN,5.8,6.73,0.7,3500
NAN,6.8,6.8,0.7,1775
NAN,7.1,6.83,0.7,1475
NAN,6.3,7.15,1.05,595
NAN,6.3,6.95,0.65,775
NAN,6.9,6.65,0.5,215
NAN,6.4,6.75,0.675,350
NAN,6.8,7.35,1.15,660
NAN,6.8,7.08,0.975,515
NAN,7.1,6.98,0.55,510
NAN,7,7.23,0.425,453
NAN,2.4,6.43,2.025,373
27,6.7,7.56,4.942,250
NAN,6.8,7.68,4.475,236
NAN,6.5,7.33,4.4,208
NAN,5.1,7.45,9.875,210
NAN,6.5,7.34,5.125,230
NAN,6.6,7.47,4.958,358
NAN,6.6,7.75,4.5,203
NAN,7.9,7.85,3,55
NAN,7.4,7,2.027,44
NAN,7,7.9,3.525,45
NAN,6.9,7.73,3.233,63
NAN,7.3,7.77,4.043,66
NAN,8,7.8,3.4,54
NAN,5.5,6.58,11.57,315
NAN,7,7.43,8.693,252
20,6.6,7.15,7.475,288
18,6.4,3.05,5.067,45
15,7.1,7.03,2.1,2300
19,8.1,7.03,1.967,307
21,8.3,7.1,2.133,413
25,7.4,6.6,NAN,NAN
25,6.8,6.3,NAN,NAN
25,6.1,7.15,NAN,NAN
26,7.5,7.2,NAN,NAN
28,7.5,7.8,1.775,17625
30,7.5,7.35,2.25,2145
27,6,7.55,3.125,10950
32,6.3,7.43,2.175,4500
29,6.1,8.33,NAN,NAN
NAN,8.1,7.86,2.747,NAN
25,7.3,7.3,2.067,348
NAN,4.9,7.33,14.533,18000
28,6.3,7.58,6.7,4963
28,6.1,7.58,14.25,27500
25,6.8,7.43,4.25,3043
26,6.7,7.38,3.85,11050
27,5.9,7.48,8.35,22025
25,6.5,7.4,4.3,15875
25,6.9,7.4,3.75,3500
26,5.1,7.48,14.7,23500
28,5,7.4,14.76,37320
28,5.1,7.43,16.25,44000
16,6.2,7.63,7,43
NAN,4.4,8.23,1.39,150
NAN,4.2,8.52,1.26,1100
23,4,7.65,36,2950
22,8,8.31,4.4,30
NAN,4.2,8.55,341.833,NAN
NAN,5,7.92,1.443,149
25,7.5,7.53,1.407,133
27,6.6,7.27,3.555,156
28,6.8,7.12,1.723,283
NAN,6.7,7.6,1.229,33
28,7.1,6.94,0.943,26
27,7.4,7,0.977,105
NAN,6.6,7.81,2.675,191
28,6.6,7.49,2.091,273
28,5.4,7.16,2.092,513
30,5.4,7.37,1.802,557
29,5.3,7.37,2.552,583
30,7.8,239,1.7,10720
29,7.5,442,3.4,132
29,7,430,2.4,175
29,7.2,216,1.8,167
29,7.9,352,4.2,158
28,7,86,4.7,145
29,6.8,65,1.8,171
28,7.1,101,2,138
27,7,78,1.8,145
29,7.2,60,1.9,151
28,6.6,76,1.9,169
NAN,NAN,NAN,NAN,NAN
28,8,368,1,554
28,7.5,21331,11.7,14109
30,8.1,540,2.5,540
29,8.1,443,2,6477
29,8.1,467,3,107
32,7.8,1304,19.5,63
30,8,1708,3.5,2051
28,7.5,1175,4,3900
28,7.5,67115,5.5,3425
27,4,9948,513.5,35
28,7.7,1148,6.9,10050
28,8,590,1.8,2873
27,7.7,440,2.4,688
28,6.4,1579,1.7,959
27,6.8,62,1.5,892
28,6.9,44,1,734
28,6.9,62,0.4,802
28,7,9416,0.5,832
24,6.9,39,1.1,958
28,7.1,53,1.4,632
28,6.9,102,1.2,608
27,6.8,437,1.1,2933
27,7.3,58,0.6,3025
26,6.9,1835,1.2,2400
27,6.8,60,0.9,3050
29,7.2,80,0.8,12750
27,7,42,0.4,3800
26,7,51,0.5,2900
26,7.1,58,0.5,3000
26,7,63,0.6,3550
27,6.8,72,0.6,1350
26,6.8,83,0.9,1350
24,7,69,1.2,1400
28,6.8,88,0.9,1600
27,6.9,31,0.5,158
27,6.8,46,0.5,905
26,7.2,20850,0.9,1475
25,7,24336,1.1,620
25,7.1,77,0.3,985
25,7.1,76,0.4,735
29,6.5,3384,1.9,643
26,7.7,280,5.7,223
27,7.8,183,5,211
24,7.7,107,5.2,208
25,7.5,185,6.5,224
27,7.3,157,5.6,221
28,7.4,150,6,269
26,7.4,139,5.9,213
21,7.3,111,2.4,80
21,7.4,74,1.2,64
21,7.5,77,3.2,65
21,7.3,97,1.9,78
21,7.4,121,2.7,69
21,7.4,142,1.3,73
23,7.3,112,17.2,225
21,7.5,124,18.5,247
20,6.9,223,6.8,295
17,3.1,493,5.9,33
15,6.9,142,2.2,1573
20,6.9,145,1.8,245
21,7,145,2.3,363
30,8.1,569,1.6,6050
27,7.7,28598,1.7,3200
30,7.4,219,3,11300
29,7.2,198,2.1,4950
29,8,978,9,NAN
21,7.6,203,1.9,109
29,7.2,150,1.3,327
31,7.3,178,1.5,190
29,7.1,214,2.3,350
NAN,7.5,293,1.2,35
28,6.9,146,2,38
28,7,136,1.4,205
NAN,7.9,738,2.7,202
29,7.5,585,2.6,315
28,7.6,98,1.2,570
28,7.7,91,1.3,562
29,7.6,110,1.1,546
